actuators,device,gas,humidity,presence,rssi,temperature,timestamp,topic,uptime_s
"{'buzzer': 'off', 'led': 'off'}",esp-01,"{'raw': 273, 'baseline': 275, 'level': 'normal'}",47.8,False,-76,26.0,2026-10-06T14:34:49.261837,sentinelx/esp-01/telemetry,1933
"{'buzzer': 'off', 'led': 'off'}",esp-01,"{'raw': 275, 'baseline': 275, 'level': 'normal'}",47.5,False,-75,26.0,2026-10-06T14:34:50.314340,sentinelx/esp-01/telemetry,1934
"{'buzzer': 'off', 'led': 'off'}",esp-01,"{'raw': 273, 'baseline': 275, 'level': 'normal'}",47.5,False,-76,26.0,2026-10-06T14:34:51.366968,sentinelx/esp-01/telemetry,1935
"{'buzzer': 'off', 'led': 'off'}",esp-01,"{'raw': 273, 'baseline': 275, 'level': 'normal'}",47.3,False,-77,26.0,2026-10-06T14:34:52.418459,sentinelx/esp-01/telemetry,1936
"{'buzzer': 'off', 'led': 'off'}",esp-01,"{'raw': 273, 'baseline': 274, 'level': 'normal'}",47.3,False,-76,26.0,2026-10-06T14:34:53.468390,sentinelx/esp-01/telemetry,1937
"{'buzzer': 'off', 'led': 'off'}",esp-01,"{'raw': 273, 'baseline': 274, 'level': 'normal'}",47.1,False,-77,26.0,2026-10-06T14:34:54.516352,sentinelx/esp-01/telemetry,1938
"{'buzzer': 'off', 'led': 'off'}",esp-01,"{'raw': 273, 'baseline': 274, 'level': 'normal'}",47.1,False,-78,26.0,2026-10-06T14:34:55.570349,sentinelx/esp-01/telemetry,1939
"{'buzzer': 'off', 'led': 'off'}",esp-01,"{'raw': 273, 'baseline': 274, 'level': 'normal'}",46.9,False,-77,26.1,2026-10-06T14:34:56.668263,sentinelx/esp-01/telemetry,1940
"{'buzzer': 'off', 'led': 'off'}",esp-01,"{'raw': 273, 'baseline': 274, 'level': 'normal'}",46.9,False,-77,26.1,2026-10-06T14:34:57.673902,sentinelx/esp-01/telemetry,1941
"{'buzzer': 'off', 'led': 'off'}",esp-01,"{'raw': 273, 'baseline': 274, 'level': 'normal'}",46.8,False,-78,26.0,2026-10-06T14:34:58.721772,sentinelx/esp-01/telemetry,1942
"{'buzzer': 'off', 'led': 'off'}",esp-01,"{'raw': 272, 'baseline': 273, 'level': 'normal'}",46.8,False,-79,26.0,2026-10-06T14:34:59.778440,sentinelx/esp-01/telemetry,1943
"{'buzzer': 'off', 'led': 'off'}",esp-01,"{'raw': 272, 'baseline': 273, 'level': 'normal'}",46.5,False,-78,26.1,2026-10-06T14:35:00.820739,sentinelx/esp-01/telemetry,1944
"{'buzzer': 'off', 'led': 'off'}",esp-01,"{'raw': 272, 'baseline': 273, 'level': 'normal'}",46.5,False,-77,26.1,2026-10-06T14:35:01.873832,sentinelx/esp-01/telemetry,1945
"{'buzzer': 'off', 'led': 'off'}",esp-01,"{'raw': 272, 'baseline': 273, 'level': 'normal'}",46.3,False,-75,26.1,2026-10-06T14:35:02.925018,sentinelx/esp-01/telemetry,1946
"{'buzzer': 'off', 'led': 'off'}",esp-01,"{'raw': 272, 'baseline': 273, 'level': 'normal'}",46.3,False,-75,26.1,2026-10-06T14:35:03.983980,sentinelx/esp-01/telemetry,1947
"{'buzzer': 'off', 'led': 'off'}",esp-01,"{'raw': 273, 'baseline': 273, 'level': 'normal'}",46.2,False,-77,26.1,2026-10-06T14:35:05.030108,sentinelx/esp-01/telemetry,1948
"{'buzzer': 'off', 'led': 'off'}",esp-01,"{'raw': 280, 'baseline': 273, 'level': 'normal'}",46.2,False,-74,26.1,2026-10-06T14:35:06.080143,sentinelx/esp-01/telemetry,1949
"{'buzzer': 'off', 'led': 'off'}",esp-01,"{'raw': 433, 'baseline': 274, 'level': 'eleve'}",46.3,False,-74,26.1,2026-10-06T14:35:07.136623,sentinelx/esp-01/telemetry,1950
"{'buzzer': 'off', 'led': 'off'}",esp-01,"{'raw': 739, 'baseline': 274, 'level': 'alerte'}",46.3,False,-74,26.1,2026-10-06T14:35:06.622905,sentinelx/esp-01/telemetry,1951
"{'buzzer': 'off', 'led': 'off'}",esp-01,"{'raw': 790, 'baseline': 274, 'level': 'alerte'}",46.3,False,-74,26.1,2026-10-06T14:35:07.671708,sentinelx/esp-01/telemetry,1952
"{'buzzer': 'off', 'led': 'off'}",esp-01,"{'raw': 832, 'baseline': 274, 'level': 'alerte'}",46.3,False,-75,26.1,2026-10-06T14:35:08.724184,sentinelx/esp-01/telemetry,1953
"{'buzzer': 'off', 'led': 'off'}",esp-01,"{'raw': 814, 'baseline': 274, 'level': 'alerte'}",46.4,False,-73,26.1,2026-10-06T14:35:09.776201,sentinelx/esp-01/telemetry,1954
"{'buzzer': 'off', 'led': 'off'}",esp-01,"{'raw': 818, 'baseline': 274, 'level': 'alerte'}",46.4,False,-72,26.1,2026-10-06T14:35:10.820811,sentinelx/esp-01/telemetry,1955
"{'buzzer': 'off', 'led': 'off'}",esp-01,"{'raw': 864, 'baseline': 274, 'level': 'alerte'}",46.2,True,-73,26.1,2026-10-06T14:35:11.873645,sentinelx/esp-01/telemetry,1956
"{'buzzer': 'off', 'led': 'off'}",esp-01,"{'raw': 810, 'baseline': 274, 'level': 'alerte'}",46.2,True,-69,26.1,2026-10-06T14:35:12.940898,sentinelx/esp-01/telemetry,1957
"{'buzzer': 'off', 'led': 'off'}",esp-01,"{'raw': 730, 'baseline': 274, 'level': 'alerte'}",46.0,True,-72,26.1,2026-10-06T14:35:13.973025,sentinelx/esp-01/telemetry,1958
"{'buzzer': 'off', 'led': 'off'}",esp-01,"{'raw': 891, 'baseline': 274, 'level': 'alerte'}",46.0,True,-75,26.1,2026-10-06T14:35:15.025542,sentinelx/esp-01/telemetry,1959
"{'buzzer': 'off', 'led': 'off'}",esp-01,"{'raw': 762, 'baseline': 274, 'level': 'alerte'}",45.9,True,-74,26.1,2026-10-06T14:35:16.073454,sentinelx/esp-01/telemetry,1960
"{'buzzer': 'off', 'led': 'off'}",esp-01,"{'raw': 648, 'baseline': 274, 'level': 'alerte'}",45.9,True,-74,26.1,2026-10-06T14:35:17.140039,sentinelx/esp-01/telemetry,1961
"{'buzzer': 'off', 'led': 'off'}",esp-01,"{'raw': 568, 'baseline': 274, 'level': 'alerte'}",47.3,True,-75,26.1,2026-10-06T14:35:18.180185,sentinelx/esp-01/telemetry,1962
"{'buzzer': 'off', 'led': 'off'}",esp-01,"{'raw': 520, 'baseline': 275, 'level': 'eleve'}",47.3,True,-73,26.1,2026-10-06T14:35:19.229242,sentinelx/esp-01/telemetry,1963
"{'buzzer': 'off', 'led': 'off'}",esp-01,"{'raw': 495, 'baseline': 276, 'level': 'eleve'}",49.8,False,-74,26.2,2026-10-06T14:35:20.283934,sentinelx/esp-01/telemetry,1964
"{'buzzer': 'off', 'led': 'off'}",esp-01,"{'raw': 481, 'baseline': 276, 'level': 'eleve'}",49.8,False,-73,26.2,2026-10-06T14:35:21.335328,sentinelx/esp-01/telemetry,1965
"{'buzzer': 'off', 'led': 'off'}",esp-01,"{'raw': 467, 'baseline': 277, 'level': 'eleve'}",53.0,False,-73,26.6,2026-10-06T14:35:22.386046,sentinelx/esp-01/telemetry,1966
"{'buzzer': 'off', 'led': 'off'}",esp-01,"{'raw': 462, 'baseline': 278, 'level': 'eleve'}",53.0,False,-72,26.6,2026-10-06T14:35:23.439607,sentinelx/esp-01/telemetry,1967
"{'buzzer': 'off', 'led': 'off'}",esp-01,"{'raw': 453, 'baseline': 278, 'level': 'eleve'}",56.0,False,-73,26.9,2026-10-06T14:35:24.489259,sentinelx/esp-01/telemetry,1968
"{'buzzer': 'off', 'led': 'off'}",esp-01,"{'raw': 438, 'baseline': 279, 'level': 'eleve'}",56.0,False,-74,26.9,2026-10-06T14:35:25.545771,sentinelx/esp-01/telemetry,1969
"{'buzzer': 'off', 'led': 'off'}",esp-01,"{'raw': 430, 'baseline': 279, 'level': 'eleve'}",58.5,False,-73,27.3,2026-10-06T14:35:26.598378,sentinelx/esp-01/telemetry,1970
"{'buzzer': 'off', 'led': 'off'}",esp-01,"{'raw': 421, 'baseline': 279, 'level': 'eleve'}",58.5,False,-75,27.3,2026-10-06T14:35:27.649886,sentinelx/esp-01/telemetry,1971
"{'buzzer': 'off', 'led': 'off'}",esp-01,"{'raw': 412, 'baseline': 280, 'level': 'eleve'}",60.0,False,-81,27.7,2026-10-06T14:35:28.702054,sentinelx/esp-01/telemetry,1972
"{'buzzer': 'off', 'led': 'off'}",esp-01,"{'raw': 411, 'baseline': 280, 'level': 'eleve'}",60.0,False,-78,27.7,2026-10-06T14:35:29.756075,sentinelx/esp-01/telemetry,1973
"{'buzzer': 'off', 'led': 'off'}",esp-01,"{'raw': 408, 'baseline': 281, 'level': 'eleve'}",60.6,False,-78,28.0,2026-10-06T14:35:30.809540,sentinelx/esp-01/telemetry,1974
"{'buzzer': 'off', 'led': 'off'}",esp-01,"{'raw': 407, 'baseline': 281, 'level': 'eleve'}",60.6,False,-75,28.0,2026-10-06T14:35:31.881299,sentinelx/esp-01/telemetry,1975
"{'buzzer': 'off', 'led': 'off'}",esp-01,"{'raw': 403, 'baseline': 281, 'level': 'eleve'}",61.2,False,-75,28.3,2026-10-06T14:35:32.915911,sentinelx/esp-01/telemetry,1976
"{'buzzer': 'off', 'led': 'off'}",esp-01,"{'raw': 400, 'baseline': 282, 'level': 'normal'}",61.2,False,-72,28.3,2026-10-06T14:35:33.994915,sentinelx/esp-01/telemetry,1977
"{'buzzer': 'off', 'led': 'off'}",esp-01,"{'raw': 393, 'baseline': 282, 'level': 'normal'}",61.5,False,-72,28.5,2026-10-06T14:35:35.015325,sentinelx/esp-01/telemetry,1978
"{'buzzer': 'off', 'led': 'off'}",esp-01,"{'raw': 388, 'baseline': 282, 'level': 'normal'}",61.5,False,-70,28.5,2026-10-06T14:35:36.072521,sentinelx/esp-01/telemetry,1979
"{'buzzer': 'off', 'led': 'off'}",esp-01,"{'raw': 384, 'baseline': 283, 'level': 'normal'}",61.7,False,-71,28.8,2026-10-06T14:35:37.123078,sentinelx/esp-01/telemetry,1980
"{'buzzer': 'off', 'led': 'off'}",esp-01,"{'raw': 386, 'baseline': 283, 'level': 'normal'}",61.7,False,-73,28.8,2026-10-06T14:35:38.198516,sentinelx/esp-01/telemetry,1981
"{'buzzer': 'off', 'led': 'off'}",esp-01,"{'raw': 383, 'baseline': 283, 'level': 'normal'}",61.5,False,-72,29.0,2026-10-06T14:35:37.646154,sentinelx/esp-01/telemetry,1982
"{'buzzer': 'off', 'led': 'off'}",esp-01,"{'raw': 381, 'baseline': 284, 'level': 'normal'}",61.5,False,-72,29.0,2026-10-06T14:35:38.708087,sentinelx/esp-01/telemetry,1983
"{'buzzer': 'off', 'led': 'off'}",esp-01,"{'raw': 379, 'baseline': 284, 'level': 'normal'}",60.7,False,-75,29.2,2026-10-06T14:35:39.776331,sentinelx/esp-01/telemetry,1984
"{'buzzer': 'off', 'led': 'off'}",esp-01,"{'raw': 381, 'baseline': 284, 'level': 'normal'}",60.7,False,-70,29.2,2026-10-06T14:35:40.808100,sentinelx/esp-01/telemetry,1985
"{'buzzer': 'off', 'led': 'off'}",esp-01,"{'raw': 379, 'baseline': 284, 'level': 'normal'}",60.3,False,-70,29.4,2026-10-06T14:35:41.856762,sentinelx/esp-01/telemetry,1986
"{'buzzer': 'off', 'led': 'off'}",esp-01,"{'raw': 375, 'baseline': 285, 'level': 'normal'}",60.3,False,-74,29.4,2026-10-06T14:35:42.931902,sentinelx/esp-01/telemetry,1987
"{'buzzer': 'off', 'led': 'off'}",esp-01,"{'raw': 371, 'baseline': 285, 'level': 'normal'}",59.7,False,-78,29.5,2026-10-06T14:35:43.949729,sentinelx/esp-01/telemetry,1988
"{'buzzer': 'off', 'led': 'off'}",esp-01,"{'raw': 370, 'baseline': 285, 'level': 'normal'}",59.7,False,-73,29.5,2026-10-06T14:35:45.018077,sentinelx/esp-01/telemetry,1989
"{'buzzer': 'off', 'led': 'off'}",esp-01,"{'raw': 368, 'baseline': 285, 'level': 'normal'}",59.6,False,-77,29.7,2026-10-06T14:35:46.054947,sentinelx/esp-01/telemetry,1990
"{'buzzer': 'off', 'led': 'off'}",esp-01,"{'raw': 366, 'baseline': 286, 'level': 'normal'}",59.6,False,-72,29.7,2026-10-06T14:35:47.105963,sentinelx/esp-01/telemetry,1991
"{'buzzer': 'off', 'led': 'off'}",esp-01,"{'raw': 365, 'baseline': 286, 'level': 'normal'}",59.2,False,-75,29.9,2026-10-06T14:35:48.162879,sentinelx/esp-01/telemetry,1992
"{'buzzer': 'off', 'led': 'off'}",esp-01,"{'raw': 365, 'baseline': 286, 'level': 'normal'}",59.2,False,-74,29.9,2026-10-06T14:35:49.204256,sentinelx/esp-01/telemetry,1993
"{'buzzer': 'off', 'led': 'off'}",esp-01,"{'raw': 364, 'baseline': 286, 'level': 'normal'}",58.2,False,-75,30.0,2026-10-06T14:35:50.257994,sentinelx/esp-01/telemetry,1994
"{'buzzer': 'off', 'led': 'off'}",esp-01,"{'raw': 364, 'baseline': 287, 'level': 'normal'}",58.2,False,-75,30.0,2026-10-06T14:35:51.322381,sentinelx/esp-01/telemetry,1995
"{'buzzer': 'off', 'led': 'off'}",esp-01,"{'raw': 366, 'baseline': 287, 'level': 'normal'}",57.2,False,-73,30.1,2026-10-06T14:35:52.365271,sentinelx/esp-01/telemetry,1996
"{'buzzer': 'off', 'led': 'off'}",esp-01,"{'raw': 363, 'baseline': 287, 'level': 'normal'}",57.2,False,-73,30.1,2026-10-06T14:35:53.412158,sentinelx/esp-01/telemetry,1997
"{'buzzer': 'off', 'led': 'off'}",esp-01,"{'raw': 360, 'baseline': 291, 'level': 'normal'}",56.6,False,-73,30.3,2026-10-06T14:35:54.467821,sentinelx/esp-01/telemetry,1998
"{'buzzer': 'off', 'led': 'off'}",esp-01,"{'raw': 356, 'baseline': 294, 'level': 'normal'}",56.6,False,-75,30.3,2026-10-06T14:35:55.524041,sentinelx/esp-01/telemetry,1999
"{'buzzer': 'off', 'led': 'off'}",esp-01,"{'raw': 354, 'baseline': 297, 'level': 'normal'}",56.5,False,-74,30.4,2026-10-06T14:35:56.565284,sentinelx/esp-01/telemetry,2000
"{'buzzer': 'off', 'led': 'off'}",esp-01,"{'raw': 349, 'baseline': 300, 'level': 'normal'}",56.5,True,-76,30.4,2026-10-06T14:35:57.616755,sentinelx/esp-01/telemetry,2001
"{'buzzer': 'off', 'led': 'off'}",esp-01,"{'raw': 345, 'baseline': 302, 'level': 'normal'}",56.3,True,-75,30.5,2026-10-06T14:35:58.673188,sentinelx/esp-01/telemetry,2002
"{'buzzer': 'off', 'led': 'off'}",esp-01,"{'raw': 345, 'baseline': 304, 'level': 'normal'}",56.3,True,-70,30.5,2026-10-06T14:35:59.721121,sentinelx/esp-01/telemetry,2003
"{'buzzer': 'off', 'led': 'off'}",esp-01,"{'raw': 342, 'baseline': 306, 'level': 'normal'}",56.3,True,-69,30.6,2026-10-06T14:36:00.771416,sentinelx/esp-01/telemetry,2004
"{'buzzer': 'off', 'led': 'off'}",esp-01,"{'raw': 341, 'baseline': 308, 'level': 'normal'}",56.3,True,-71,30.6,2026-10-06T14:36:01.828841,sentinelx/esp-01/telemetry,2005
"{'buzzer': 'off', 'led': 'off'}",esp-01,"{'raw': 344, 'baseline': 309, 'level': 'normal'}",56.4,True,-77,30.7,2026-10-06T14:36:02.875852,sentinelx/esp-01/telemetry,2006
"{'buzzer': 'off', 'led': 'off'}",esp-01,"{'raw': 343, 'baseline': 311, 'level': 'normal'}",56.4,True,-76,30.7,2026-10-06T14:36:03.939626,sentinelx/esp-01/telemetry,2007
"{'buzzer': 'off', 'led': 'off'}",esp-01,"{'raw': 341, 'baseline': 312, 'level': 'normal'}",56.3,True,-76,30.8,2026-10-06T14:36:04.990324,sentinelx/esp-01/telemetry,2008
"{'buzzer': 'off', 'led': 'off'}",esp-01,"{'raw': 339, 'baseline': 314, 'level': 'normal'}",56.3,True,-74,30.8,2026-10-06T14:36:06.044700,sentinelx/esp-01/telemetry,2009
"{'buzzer': 'off', 'led': 'off'}",esp-01,"{'raw': 339, 'baseline': 315, 'level': 'normal'}",56.4,False,-74,30.8,2026-10-06T14:36:07.093331,sentinelx/esp-01/telemetry,2010
"{'buzzer': 'off', 'led': 'off'}",esp-01,"{'raw': 334, 'baseline': 316, 'level': 'normal'}",56.4,True,-73,30.8,2026-10-06T14:36:08.142496,sentinelx/esp-01/telemetry,2011
"{'buzzer': 'off', 'led': 'off'}",esp-01,"{'raw': 332, 'baseline': 317, 'level': 'normal'}",55.8,True,-73,30.9,2026-10-06T14:36:09.189530,sentinelx/esp-01/telemetry,2012
"{'buzzer': 'off', 'led': 'off'}",esp-01,"{'raw': 329, 'baseline': 317, 'level': 'normal'}",55.8,True,-75,30.9,2026-10-06T14:36:08.659186,sentinelx/esp-01/telemetry,2013
"{'buzzer': 'off', 'led': 'off'}",esp-01,"{'raw': 326, 'baseline': 318, 'level': 'normal'}",54.1,True,-74,31.0,2026-10-06T14:36:09.709364,sentinelx/esp-01/telemetry,2014
"{'buzzer': 'off', 'led': 'off'}",esp-01,"{'raw': 323, 'baseline': 318, 'level': 'normal'}",54.1,True,-75,31.0,2026-10-06T14:36:10.758610,sentinelx/esp-01/telemetry,2015
"{'buzzer': 'off', 'led': 'off'}",esp-01,"{'raw': 321, 'baseline': 318, 'level': 'normal'}",52.2,True,-75,31.0,2026-10-06T14:36:11.808878,sentinelx/esp-01/telemetry,2016
"{'buzzer': 'off', 'led': 'off'}",esp-01,"{'raw': 323, 'baseline': 318, 'level': 'normal'}",52.2,False,-75,31.0,2026-10-06T14:36:12.859355,sentinelx/esp-01/telemetry,2017
"{'buzzer': 'off', 'led': 'off'}",esp-01,"{'raw': 324, 'baseline': 319, 'level': 'normal'}",50.5,False,-75,31.1,2026-10-06T14:36:13.908267,sentinelx/esp-01/telemetry,2018
"{'buzzer': 'off', 'led': 'off'}",esp-01,"{'raw': 326, 'baseline': 319, 'level': 'normal'}",50.5,False,-75,31.1,2026-10-06T14:36:14.966176,sentinelx/esp-01/telemetry,2019
"{'buzzer': 'off', 'led': 'off'}",esp-01,"{'raw': 327, 'baseline': 319, 'level': 'normal'}",49.8,False,-75,31.2,2026-10-06T14:36:16.012706,sentinelx/esp-01/telemetry,2020
"{'buzzer': 'off', 'led': 'off'}",esp-01,"{'raw': 327, 'baseline': 320, 'level': 'normal'}",49.8,False,-77,31.2,2026-10-06T14:36:17.064842,sentinelx/esp-01/telemetry,2021
"{'buzzer': 'off', 'led': 'off'}",esp-01,"{'raw': 326, 'baseline': 320, 'level': 'normal'}",49.6,False,-76,31.2,2026-10-06T14:36:18.111073,sentinelx/esp-01/telemetry,2022
"{'buzzer': 'off', 'led': 'off'}",esp-01,"{'raw': 328, 'baseline': 320, 'level': 'normal'}",49.6,False,-76,31.2,2026-10-06T14:36:19.161651,sentinelx/esp-01/telemetry,2023
"{'buzzer': 'off', 'led': 'off'}",esp-01,"{'raw': 327, 'baseline': 321, 'level': 'normal'}",49.5,False,-76,31.3,2026-10-06T14:36:20.212145,sentinelx/esp-01/telemetry,2024
"{'buzzer': 'off', 'led': 'off'}",esp-01,"{'raw': 328, 'baseline': 321, 'level': 'normal'}",49.5,False,-76,31.3,2026-10-06T14:36:21.285258,sentinelx/esp-01/telemetry,2025
"{'buzzer': 'off', 'led': 'off'}",esp-01,"{'raw': 329, 'baseline': 321, 'level': 'normal'}",49.1,False,-77,31.3,2026-10-06T14:36:22.346611,sentinelx/esp-01/telemetry,2026
"{'buzzer': 'off', 'led': 'off'}",esp-01,"{'raw': 331, 'baseline': 322, 'level': 'normal'}",49.1,False,-82,31.3,2026-10-06T14:36:23.366664,sentinelx/esp-01/telemetry,2027
"{'buzzer': 'off', 'led': 'off'}",esp-01,"{'raw': 333, 'baseline': 322, 'level': 'normal'}",48.7,True,-81,31.4,2026-10-06T14:36:24.432133,sentinelx/esp-01/telemetry,2028
"{'buzzer': 'off', 'led': 'off'}",esp-01,"{'raw': 334, 'baseline': 323, 'level': 'normal'}",48.7,True,-81,31.4,2026-10-06T14:36:25.477312,sentinelx/esp-01/telemetry,2029
"{'buzzer': 'off', 'led': 'off'}",esp-01,"{'raw': 333, 'baseline': 323, 'level': 'normal'}",48.4,True,-78,31.4,2026-10-06T14:36:26.523587,sentinelx/esp-01/telemetry,2030
"{'buzzer': 'off', 'led': 'off'}",esp-01,"{'raw': 333, 'baseline': 324, 'level': 'normal'}",48.4,False,-77,31.4,2026-10-06T14:36:27.609977,sentinelx/esp-01/telemetry,2031
"{'buzzer': 'off', 'led': 'off'}",esp-01,"{'raw': 334, 'baseline': 324, 'level': 'normal'}",48.3,False,-77,31.5,2026-10-06T14:36:28.630892,sentinelx/esp-01/telemetry,2032
"{'buzzer': 'off', 'led': 'off'}",esp-01,"{'raw': 337, 'baseline': 325, 'level': 'normal'}",48.3,False,-76,31.5,2026-10-06T14:36:29.688574,sentinelx/esp-01/telemetry,2033
"{'buzzer': 'off', 'led': 'off'}",esp-01,"{'raw': 337, 'baseline': 325, 'level': 'normal'}",48.4,False,-76,31.5,2026-10-06T14:36:30.734655,sentinelx/esp-01/telemetry,2034
"{'buzzer': 'off', 'led': 'off'}",esp-01,"{'raw': 333, 'baseline': 326, 'level': 'normal'}",48.4,False,-75,31.5,2026-10-06T14:36:31.784025,sentinelx/esp-01/telemetry,2035
"{'buzzer': 'off', 'led': 'off'}",esp-01,"{'raw': 336, 'baseline': 326, 'level': 'normal'}",48.6,False,-78,31.5,2026-10-06T14:36:32.835032,sentinelx/esp-01/telemetry,2036
"{'buzzer': 'off', 'led': 'off'}",esp-01,"{'raw': 344, 'baseline': 327, 'level': 'normal'}",48.6,False,-73,31.5,2026-10-06T14:36:33.890251,sentinelx/esp-01/telemetry,2037
"{'buzzer': 'off', 'led': 'off'}",esp-01,"{'raw': 342, 'baseline': 328, 'level': 'normal'}",48.6,True,-72,31.6,2026-10-06T14:36:34.938004,sentinelx/esp-01/telemetry,2038
"{'buzzer': 'off', 'led': 'off'}",esp-01,"{'raw': 343, 'baseline': 329, 'level': 'normal'}",48.6,True,-71,31.6,2026-10-06T14:36:35.994048,sentinelx/esp-01/telemetry,2039
"{'buzzer': 'off', 'led': 'off'}",esp-01,"{'raw': 345, 'baseline': 329, 'level': 'normal'}",47.1,True,-74,31.6,2026-10-06T14:36:37.042744,sentinelx/esp-01/telemetry,2040
"{'buzzer': 'off', 'led': 'off'}",esp-01,"{'raw': 343, 'baseline': 330, 'level': 'normal'}",47.1,True,-72,31.6,2026-10-06T14:36:38.092160,sentinelx/esp-01/telemetry,2041
"{'buzzer': 'off', 'led': 'off'}",esp-01,"{'raw': 342, 'baseline': 331, 'level': 'normal'}",45.5,True,-72,31.6,2026-10-06T14:36:39.144555,sentinelx/esp-01/telemetry,2042
"{'buzzer': 'off', 'led': 'off'}",esp-01,"{'raw': 341, 'baseline': 331, 'level': 'normal'}",45.5,False,-72,31.6,2026-10-06T14:36:40.193262,sentinelx/esp-01/telemetry,2043
"{'buzzer': 'off', 'led': 'off'}",esp-01,"{'raw': 341, 'baseline': 332, 'level': 'normal'}",44.1,True,-76,31.6,2026-10-06T14:36:41.241439,sentinelx/esp-01/telemetry,2044
"{'buzzer': 'off', 'led': 'off'}",esp-01,"{'raw': 340, 'baseline': 332, 'level': 'normal'}",44.1,True,-73,31.6,2026-10-06T14:36:42.291370,sentinelx/esp-01/telemetry,2045
"{'buzzer': 'off', 'led': 'off'}",esp-01,"{'raw': 342, 'baseline': 332, 'level': 'normal'}",42.9,True,-73,31.6,2026-10-06T14:36:43.345366,sentinelx/esp-01/telemetry,2046
"{'buzzer': 'off', 'led': 'off'}",esp-01,"{'raw': 342, 'baseline': 333, 'level': 'normal'}",42.9,True,-73,31.6,2026-10-06T14:36:44.394359,sentinelx/esp-01/telemetry,2047
"{'buzzer': 'off', 'led': 'off'}",esp-01,"{'raw': 343, 'baseline': 333, 'level': 'normal'}",42.2,True,-69,31.6,2026-10-06T14:36:45.442871,sentinelx/esp-01/telemetry,2048
"{'buzzer': 'off', 'led': 'off'}",esp-01,"{'raw': 342, 'baseline': 334, 'level': 'normal'}",42.2,True,-69,31.6,2026-10-06T14:36:46.492171,sentinelx/esp-01/telemetry,2049
"{'buzzer': 'off', 'led': 'off'}",esp-01,"{'raw': 342, 'baseline': 334, 'level': 'normal'}",42.0,False,-69,31.5,2026-10-06T14:36:47.542398,sentinelx/esp-01/telemetry,2050
"{'buzzer': 'off', 'led': 'off'}",esp-01,"{'raw': 342, 'baseline': 335, 'level': 'normal'}",42.0,False,-72,31.5,2026-10-06T14:36:48.593103,sentinelx/esp-01/telemetry,2051
"{'buzzer': 'off', 'led': 'off'}",esp-01,"{'raw': 342, 'baseline': 335, 'level': 'normal'}",41.8,False,-71,31.5,2026-10-06T14:36:49.640826,sentinelx/esp-01/telemetry,2052
"{'buzzer': 'off', 'led': 'off'}",esp-01,"{'raw': 342, 'baseline': 335, 'level': 'normal'}",41.8,False,-71,31.5,2026-10-06T14:36:50.690060,sentinelx/esp-01/telemetry,2053
"{'buzzer': 'off', 'led': 'off'}",esp-01,"{'raw': 343, 'baseline': 336, 'level': 'normal'}",41.4,False,-72,31.4,2026-10-06T14:36:51.740617,sentinelx/esp-01/telemetry,2054
"{'buzzer': 'off', 'led': 'off'}",esp-01,"{'raw': 342, 'baseline': 336, 'level': 'normal'}",41.4,False,-71,31.4,2026-10-06T14:36:52.790702,sentinelx/esp-01/telemetry,2055
"{'buzzer': 'off', 'led': 'off'}",esp-01,"{'raw': 342, 'baseline': 336, 'level': 'normal'}",41.4,False,-70,31.4,2026-10-06T14:36:53.841044,sentinelx/esp-01/telemetry,2056
"{'buzzer': 'off', 'led': 'off'}",esp-01,"{'raw': 340, 'baseline': 336, 'level': 'normal'}",41.4,False,-74,31.4,2026-10-06T14:36:54.881858,sentinelx/esp-01/telemetry,2057
"{'buzzer': 'off', 'led': 'off'}",esp-01,"{'raw': 339, 'baseline': 336, 'level': 'normal'}",41.7,False,-71,31.3,2026-10-06T14:36:53.642324,sentinelx/esp-01/telemetry,2058
"{'buzzer': 'off', 'led': 'off'}",esp-01,"{'raw': 337, 'baseline': 336, 'level': 'normal'}",41.7,False,-71,31.3,2026-10-06T14:36:54.687110,sentinelx/esp-01/telemetry,2059
"{'buzzer': 'off', 'led': 'off'}",esp-01,"{'raw': 337, 'baseline': 336, 'level': 'normal'}",41.4,False,-71,31.2,2026-10-06T14:36:55.731359,sentinelx/esp-01/telemetry,2060
"{'buzzer': 'off', 'led': 'off'}",esp-01,"{'raw': 334, 'baseline': 336, 'level': 'normal'}",41.4,False,-74,31.2,2026-10-06T14:36:56.774661,sentinelx/esp-01/telemetry,2061
"{'buzzer': 'off', 'led': 'off'}",esp-01,"{'raw': 331, 'baseline': 336, 'level': 'normal'}",40.7,False,-73,31.2,2026-10-06T14:36:57.812716,sentinelx/esp-01/telemetry,2062
"{'buzzer': 'off', 'led': 'off'}",esp-01,"{'raw': 361, 'baseline': 337, 'level': 'normal'}",40.7,False,-73,31.2,2026-10-06T14:36:58.883433,sentinelx/esp-01/telemetry,2063
"{'buzzer': 'off', 'led': 'off'}",esp-01,"{'raw': 623, 'baseline': 338, 'level': 'eleve'}",40.0,False,-74,31.1,2026-10-06T14:36:59.897557,sentinelx/esp-01/telemetry,2064
"{'buzzer': 'off', 'led': 'off'}",esp-01,"{'raw': 888, 'baseline': 338, 'level': 'alerte'}",40.0,False,-75,31.1,2026-10-06T14:37:00.941090,sentinelx/esp-01/telemetry,2065
"{'buzzer': 'off', 'led': 'off'}",esp-01,"{'raw': 1001, 'baseline': 338, 'level': 'alerte'}",40.1,False,-75,31.1,2026-10-06T14:37:01.984495,sentinelx/esp-01/telemetry,2066
"{'buzzer': 'off', 'led': 'off'}",esp-01,"{'raw': 1020, 'baseline': 338, 'level': 'alerte'}",40.1,False,-75,31.1,2026-10-06T14:37:03.040217,sentinelx/esp-01/telemetry,2067
"{'buzzer': 'off', 'led': 'off'}",esp-01,"{'raw': 1023, 'baseline': 338, 'level': 'alerte'}",40.6,False,-77,31.0,2026-10-06T14:37:04.087053,sentinelx/esp-01/telemetry,2068
"{'buzzer': 'off', 'led': 'off'}",esp-01,"{'raw': 871, 'baseline': 338, 'level': 'alerte'}",40.6,True,-76,31.0,2026-10-06T14:37:05.138619,sentinelx/esp-01/telemetry,2069
"{'buzzer': 'off', 'led': 'off'}",esp-01,"{'raw': 742, 'baseline': 338, 'level': 'alerte'}",40.9,True,-76,31.0,2026-10-06T14:37:06.185808,sentinelx/esp-01/telemetry,2070
"{'buzzer': 'off', 'led': 'off'}",esp-01,"{'raw': 642, 'baseline': 338, 'level': 'alerte'}",40.9,True,-77,31.0,2026-10-06T14:37:07.236448,sentinelx/esp-01/telemetry,2071
"{'buzzer': 'off', 'led': 'off'}",esp-01,"{'raw': 569, 'baseline': 338, 'level': 'eleve'}",40.8,True,-77,30.9,2026-10-06T14:37:08.290315,sentinelx/esp-01/telemetry,2072
"{'buzzer': 'off', 'led': 'off'}",esp-01,"{'raw': 517, 'baseline': 339, 'level': 'eleve'}",40.8,True,-76,30.9,2026-10-06T14:37:09.375738,sentinelx/esp-01/telemetry,2073
"{'buzzer': 'off', 'led': 'off'}",esp-01,"{'raw': 483, 'baseline': 339, 'level': 'eleve'}",40.9,True,-78,30.8,2026-10-06T14:37:10.393591,sentinelx/esp-01/telemetry,2074
"{'buzzer': 'off', 'led': 'off'}",esp-01,"{'raw': 464, 'baseline': 340, 'level': 'eleve'}",40.9,True,-78,30.8,2026-10-06T14:37:11.447282,sentinelx/esp-01/telemetry,2075
"{'buzzer': 'off', 'led': 'off'}",esp-01,"{'raw': 450, 'baseline': 340, 'level': 'normal'}",42.4,True,-78,30.8,2026-10-06T14:37:12.504625,sentinelx/esp-01/telemetry,2076
"{'buzzer': 'off', 'led': 'off'}",esp-01,"{'raw': 439, 'baseline': 340, 'level': 'normal'}",42.4,True,-79,30.8,2026-10-06T14:37:13.554464,sentinelx/esp-01/telemetry,2077
"{'buzzer': 'off', 'led': 'off'}",esp-01,"{'raw': 427, 'baseline': 341, 'level': 'normal'}",44.7,True,-79,30.7,2026-10-06T14:37:14.618081,sentinelx/esp-01/telemetry,2078
"{'buzzer': 'off', 'led': 'off'}",esp-01,"{'raw': 417, 'baseline': 341, 'level': 'normal'}",44.7,True,-81,30.7,2026-10-06T14:37:15.663910,sentinelx/esp-01/telemetry,2079
"{'buzzer': 'off', 'led': 'off'}",esp-01,"{'raw': 416, 'baseline': 345, 'level': 'normal'}",46.9,True,-80,30.6,2026-10-06T14:37:16.721467,sentinelx/esp-01/telemetry,2080
"{'buzzer': 'off', 'led': 'off'}",esp-01,"{'raw': 413, 'baseline': 348, 'level': 'normal'}",46.9,True,-80,30.6,2026-10-06T14:37:17.773058,sentinelx/esp-01/telemetry,2081
"{'buzzer': 'off', 'led': 'off'}",esp-01,"{'raw': 412, 'baseline': 351, 'level': 'normal'}",48.8,True,-78,30.5,2026-10-06T14:37:18.828293,sentinelx/esp-01/telemetry,2082
"{'buzzer': 'off', 'led': 'off'}",esp-01,"{'raw': 406, 'baseline': 354, 'level': 'normal'}",48.8,True,-76,30.5,2026-10-06T14:37:19.883703,sentinelx/esp-01/telemetry,2083
"{'buzzer': 'off', 'led': 'off'}",esp-01,"{'raw': 399, 'baseline': 356, 'level': 'normal'}",50.0,True,-73,30.4,2026-10-06T14:37:20.938316,sentinelx/esp-01/telemetry,2084
"{'buzzer': 'off', 'led': 'off'}",esp-01,"{'raw': 393, 'baseline': 358, 'level': 'normal'}",50.0,True,-76,30.4,2026-10-06T14:37:21.988728,sentinelx/esp-01/telemetry,2085
"{'buzzer': 'off', 'led': 'off'}",esp-01,"{'raw': 392, 'baseline': 360, 'level': 'normal'}",49.8,True,-75,30.3,2026-10-06T14:37:23.043780,sentinelx/esp-01/telemetry,2086
"{'buzzer': 'off', 'led': 'off'}",esp-01,"{'raw': 387, 'baseline': 361, 'level': 'normal'}",49.8,True,-74,30.3,2026-10-06T14:37:24.100795,sentinelx/esp-01/telemetry,2087
"{'buzzer': 'off', 'led': 'off'}",esp-01,"{'raw': 382, 'baseline': 362, 'level': 'normal'}",49.7,True,-74,30.3,2026-10-06T14:37:25.153468,sentinelx/esp-01/telemetry,2088
"{'buzzer': 'off', 'led': 'off'}",esp-01,"{'raw': 374, 'baseline': 363, 'level': 'normal'}",49.7,True,-75,30.3,2026-10-06T14:37:24.672115,sentinelx/esp-01/telemetry,2089
"{'buzzer': 'off', 'led': 'off'}",esp-01,"{'raw': 367, 'baseline': 363, 'level': 'normal'}",50.2,False,-74,30.2,2026-10-06T14:37:25.723939,sentinelx/esp-01/telemetry,2090
"{'buzzer': 'off', 'led': 'off'}",esp-01,"{'raw': 363, 'baseline': 363, 'level': 'normal'}",50.2,True,-78,30.2,2026-10-06T14:37:26.778124,sentinelx/esp-01/telemetry,2091
"{'buzzer': 'off', 'led': 'off'}",esp-01,"{'raw': 359, 'baseline': 362, 'level': 'normal'}",50.9,True,-75,30.2,2026-10-06T14:37:27.824343,sentinelx/esp-01/telemetry,2092
"{'buzzer': 'off', 'led': 'off'}",esp-01,"{'raw': 355, 'baseline': 362, 'level': 'normal'}",50.9,True,-74,30.2,2026-10-06T14:37:28.877494,sentinelx/esp-01/telemetry,2093
"{'buzzer': 'off', 'led': 'off'}",esp-01,"{'raw': 353, 'baseline': 361, 'level': 'normal'}",50.7,True,-74,30.1,2026-10-06T14:37:29.918017,sentinelx/esp-01/telemetry,2094
"{'buzzer': 'off', 'led': 'off'}",esp-01,"{'raw': 353, 'baseline': 360, 'level': 'normal'}",50.7,True,-74,30.1,2026-10-06T14:37:30.969711,sentinelx/esp-01/telemetry,2095
"{'buzzer': 'off', 'led': 'off'}",esp-01,"{'raw': 351, 'baseline': 359, 'level': 'normal'}",51.1,True,-79,30.1,2026-10-06T14:37:32.017502,sentinelx/esp-01/telemetry,2096
"{'buzzer': 'off', 'led': 'off'}",esp-01,"{'raw': 350, 'baseline': 358, 'level': 'normal'}",51.1,True,-78,30.1,2026-10-06T14:37:33.067083,sentinelx/esp-01/telemetry,2097
"{'buzzer': 'off', 'led': 'off'}",esp-01,"{'raw': 352, 'baseline': 357, 'level': 'normal'}",51.9,True,-79,30.0,2026-10-06T14:37:34.128717,sentinelx/esp-01/telemetry,2098
"{'buzzer': 'off', 'led': 'off'}",esp-01,"{'raw': 353, 'baseline': 357, 'level': 'normal'}",51.9,True,-78,30.0,2026-10-06T14:37:35.180456,sentinelx/esp-01/telemetry,2099
"{'buzzer': 'off', 'led': 'off'}",esp-01,"{'raw': 354, 'baseline': 356, 'level': 'normal'}",51.9,True,-79,30.0,2026-10-06T14:37:36.241580,sentinelx/esp-01/telemetry,2100
"{'buzzer': 'off', 'led': 'off'}",esp-01,"{'raw': 352, 'baseline': 356, 'level': 'normal'}",51.9,True,-79,30.0,2026-10-06T14:37:37.304425,sentinelx/esp-01/telemetry,2101
"{'buzzer': 'off', 'led': 'off'}",esp-01,"{'raw': 346, 'baseline': 355, 'level': 'normal'}",52.5,True,-77,30.0,2026-10-06T14:37:38.374493,sentinelx/esp-01/telemetry,2102
"{'buzzer': 'off', 'led': 'off'}",esp-01,"{'raw': 344, 'baseline': 354, 'level': 'normal'}",52.5,False,-78,30.0,2026-10-06T14:37:39.432741,sentinelx/esp-01/telemetry,2103
"{'buzzer': 'off', 'led': 'off'}",esp-01,"{'raw': 344, 'baseline': 353, 'level': 'normal'}",53.6,False,-80,30.0,2026-10-06T14:37:40.508747,sentinelx/esp-01/telemetry,2104
"{'buzzer': 'off', 'led': 'off'}",esp-01,"{'raw': 340, 'baseline': 351, 'level': 'normal'}",53.6,True,-74,30.0,2026-10-06T14:37:41.561977,sentinelx/esp-01/telemetry,2105
"{'buzzer': 'off', 'led': 'off'}",esp-01,"{'raw': 338, 'baseline': 350, 'level': 'normal'}",54.4,True,-74,30.0,2026-10-06T14:37:42.632415,sentinelx/esp-01/telemetry,2106
"{'buzzer': 'off', 'led': 'off'}",esp-01,"{'raw': 334, 'baseline': 348, 'level': 'normal'}",54.4,True,-75,30.0,2026-10-06T14:37:43.679242,sentinelx/esp-01/telemetry,2107
"{'buzzer': 'off', 'led': 'off'}",esp-01,"{'raw': 334, 'baseline': 347, 'level': 'normal'}",55.6,True,-76,30.0,2026-10-06T14:37:44.734671,sentinelx/esp-01/telemetry,2108
"{'buzzer': 'off', 'led': 'off'}",esp-01,"{'raw': 331, 'baseline': 345, 'level': 'normal'}",55.6,True,-77,30.0,2026-10-06T14:37:45.796339,sentinelx/esp-01/telemetry,2109
"{'buzzer': 'off', 'led': 'off'}",esp-01,"{'raw': 332, 'baseline': 344, 'level': 'normal'}",56.5,True,-78,30.0,2026-10-06T14:37:46.846166,sentinelx/esp-01/telemetry,2110
"{'buzzer': 'off', 'led': 'off'}",esp-01,"{'raw': 329, 'baseline': 342, 'level': 'normal'}",56.5,True,-78,30.0,2026-10-06T14:37:47.891085,sentinelx/esp-01/telemetry,2111
"{'buzzer': 'off', 'led': 'off'}",esp-01,"{'raw': 330, 'baseline': 341, 'level': 'normal'}",57.2,True,-78,30.0,2026-10-06T14:37:48.942372,sentinelx/esp-01/telemetry,2112
"{'buzzer': 'off', 'led': 'off'}",esp-01,"{'raw': 330, 'baseline': 340, 'level': 'normal'}",57.2,False,-78,30.0,2026-10-06T14:37:49.998580,sentinelx/esp-01/telemetry,2113
"{'buzzer': 'off', 'led': 'off'}",esp-01,"{'raw': 330, 'baseline': 339, 'level': 'normal'}",56.9,False,-77,30.0,2026-10-06T14:37:51.056699,sentinelx/esp-01/telemetry,2114
"{'buzzer': 'off', 'led': 'off'}",esp-01,"{'raw': 329, 'baseline': 338, 'level': 'normal'}",56.9,False,-77,30.0,2026-10-06T14:37:52.097499,sentinelx/esp-01/telemetry,2115
"{'buzzer': 'off', 'led': 'off'}",esp-01,"{'raw': 328, 'baseline': 337, 'level': 'normal'}",55.2,False,-77,30.0,2026-10-06T14:37:53.145685,sentinelx/esp-01/telemetry,2116
"{'buzzer': 'off', 'led': 'off'}",esp-01,"{'raw': 326, 'baseline': 336, 'level': 'normal'}",55.2,False,-75,30.0,2026-10-06T14:37:54.192403,sentinelx/esp-01/telemetry,2117
"{'buzzer': 'off', 'led': 'off'}",esp-01,"{'raw': 325, 'baseline': 335, 'level': 'normal'}",53.7,False,-75,30.0,2026-10-06T14:37:55.240691,sentinelx/esp-01/telemetry,2118
"{'buzzer': 'off', 'led': 'off'}",esp-01,"{'raw': 325, 'baseline': 334, 'level': 'normal'}",53.7,False,-75,30.0,2026-10-06T14:37:54.633213,sentinelx/esp-01/telemetry,2119
"{'buzzer': 'off', 'led': 'off'}",esp-01,"{'raw': 323, 'baseline': 332, 'level': 'normal'}",52.5,True,-75,29.9,2026-10-06T14:37:55.680103,sentinelx/esp-01/telemetry,2120
"{'buzzer': 'off', 'led': 'off'}",esp-01,"{'raw': 321, 'baseline': 331, 'level': 'normal'}",52.5,True,-75,29.9,2026-10-06T14:37:56.730654,sentinelx/esp-01/telemetry,2121
"{'buzzer': 'off', 'led': 'off'}",esp-01,"{'raw': 321, 'baseline': 330, 'level': 'normal'}",51.8,True,-75,29.9,2026-10-06T14:37:57.780062,sentinelx/esp-01/telemetry,2122
"{'buzzer': 'off', 'led': 'off'}",esp-01,"{'raw': 321, 'baseline': 329, 'level': 'normal'}",51.8,False,-75,29.9,2026-10-06T14:37:58.830820,sentinelx/esp-01/telemetry,2123
"{'buzzer': 'off', 'led': 'off'}",esp-01,"{'raw': 323, 'baseline': 329, 'level': 'normal'}",51.8,True,-77,29.9,2026-10-06T14:37:59.874850,sentinelx/esp-01/telemetry,2124
"{'buzzer': 'off', 'led': 'off'}",esp-01,"{'raw': 325, 'baseline': 328, 'level': 'normal'}",51.8,True,-76,29.9,2026-10-06T14:38:00.924565,sentinelx/esp-01/telemetry,2125
"{'buzzer': 'off', 'led': 'off'}",esp-01,"{'raw': 325, 'baseline': 328, 'level': 'normal'}",52.4,True,-74,29.9,2026-10-06T14:38:01.972985,sentinelx/esp-01/telemetry,2126
"{'buzzer': 'off', 'led': 'off'}",esp-01,"{'raw': 326, 'baseline': 328, 'level': 'normal'}",52.4,True,-75,29.9,2026-10-06T14:38:03.020724,sentinelx/esp-01/telemetry,2127
"{'buzzer': 'off', 'led': 'off'}",esp-01,"{'raw': 325, 'baseline': 327, 'level': 'normal'}",53.3,True,-75,29.9,2026-10-06T14:38:04.074993,sentinelx/esp-01/telemetry,2128
"{'buzzer': 'off', 'led': 'off'}",esp-01,"{'raw': 325, 'baseline': 327, 'level': 'normal'}",53.3,True,-74,29.9,2026-10-06T14:38:05.122501,sentinelx/esp-01/telemetry,2129
"{'buzzer': 'off', 'led': 'off'}",esp-01,"{'raw': 324, 'baseline': 327, 'level': 'normal'}",54.0,True,-76,29.9,2026-10-06T14:38:06.173538,sentinelx/esp-01/telemetry,2130
"{'buzzer': 'off', 'led': 'off'}",esp-01,"{'raw': 323, 'baseline': 326, 'level': 'normal'}",54.0,True,-76,29.9,2026-10-06T14:38:07.221857,sentinelx/esp-01/telemetry,2131
"{'buzzer': 'off', 'led': 'off'}",esp-01,"{'raw': 321, 'baseline': 326, 'level': 'normal'}",54.4,True,-75,29.9,2026-10-06T14:38:08.279927,sentinelx/esp-01/telemetry,2132
"{'buzzer': 'off', 'led': 'off'}",esp-01,"{'raw': 321, 'baseline': 325, 'level': 'normal'}",54.4,True,-76,29.9,2026-10-06T14:38:09.326195,sentinelx/esp-01/telemetry,2133
"{'buzzer': 'off', 'led': 'off'}",esp-01,"{'raw': 321, 'baseline': 325, 'level': 'normal'}",54.2,True,-74,29.9,2026-10-06T14:38:10.370994,sentinelx/esp-01/telemetry,2134
"{'buzzer': 'off', 'led': 'off'}",esp-01,"{'raw': 319, 'baseline': 324, 'level': 'normal'}",54.2,True,-74,29.9,2026-10-06T14:38:11.425062,sentinelx/esp-01/telemetry,2135
"{'buzzer': 'off', 'led': 'off'}",esp-01,"{'raw': 345, 'baseline': 325, 'level': 'normal'}",53.4,True,-75,29.9,2026-10-06T14:38:12.469476,sentinelx/esp-01/telemetry,2136
"{'buzzer': 'off', 'led': 'off'}",esp-01,"{'raw': 324, 'baseline': 325, 'level': 'normal'}",53.4,True,-76,29.9,2026-10-06T14:38:13.520580,sentinelx/esp-01/telemetry,2137
"{'buzzer': 'off', 'led': 'off'}",esp-01,"{'raw': 318, 'baseline': 324, 'level': 'normal'}",52.9,True,-75,29.9,2026-10-06T14:38:14.574051,sentinelx/esp-01/telemetry,2138
"{'buzzer': 'off', 'led': 'off'}",esp-01,"{'raw': 315, 'baseline': 323, 'level': 'normal'}",52.9,True,-75,29.9,2026-10-06T14:38:15.622604,sentinelx/esp-01/telemetry,2139
"{'buzzer': 'off', 'led': 'off'}",esp-01,"{'raw': 313, 'baseline': 322, 'level': 'normal'}",51.8,True,-77,29.9,2026-10-06T14:38:16.680805,sentinelx/esp-01/telemetry,2140
"{'buzzer': 'off', 'led': 'off'}",esp-01,"{'raw': 310, 'baseline': 321, 'level': 'normal'}",51.8,True,-75,29.9,2026-10-06T14:38:17.720573,sentinelx/esp-01/telemetry,2141
"{'buzzer': 'off', 'led': 'off'}",esp-01,"{'raw': 310, 'baseline': 320, 'level': 'normal'}",49.9,False,-75,29.8,2026-10-06T14:38:18.770124,sentinelx/esp-01/telemetry,2142
"{'buzzer': 'off', 'led': 'off'}",esp-01,"{'raw': 309, 'baseline': 319, 'level': 'normal'}",49.9,True,-77,29.8,2026-10-06T14:38:19.819350,sentinelx/esp-01/telemetry,2143
"{'buzzer': 'off', 'led': 'off'}",esp-01,"{'raw': 308, 'baseline': 317, 'level': 'normal'}",48.3,True,-79,29.8,2026-10-06T14:38:20.869504,sentinelx/esp-01/telemetry,2144
"{'buzzer': 'off', 'led': 'off'}",esp-01,"{'raw': 308, 'baseline': 316, 'level': 'normal'}",48.3,True,-74,29.8,2026-10-06T14:38:21.920616,sentinelx/esp-01/telemetry,2145
"{'buzzer': 'off', 'led': 'off'}",esp-01,"{'raw': 307, 'baseline': 315, 'level': 'normal'}",46.8,True,-74,29.8,2026-10-06T14:38:22.974896,sentinelx/esp-01/telemetry,2146
"{'buzzer': 'off', 'led': 'off'}",esp-01,"{'raw': 307, 'baseline': 315, 'level': 'normal'}",46.8,False,-74,29.8,2026-10-06T14:38:24.020918,sentinelx/esp-01/telemetry,2147
"{'buzzer': 'off', 'led': 'off'}",esp-01,"{'raw': 306, 'baseline': 314, 'level': 'normal'}",45.4,True,-75,29.7,2026-10-06T14:38:25.068953,sentinelx/esp-01/telemetry,2148
"{'buzzer': 'off', 'led': 'off'}",esp-01,"{'raw': 306, 'baseline': 313, 'level': 'normal'}",45.4,True,-75,29.7,2026-10-06T14:38:26.119945,sentinelx/esp-01/telemetry,2149
"{'buzzer': 'off', 'led': 'off'}",esp-01,"{'raw': 306, 'baseline': 312, 'level': 'normal'}",44.3,True,-76,29.7,2026-10-06T14:38:25.646025,sentinelx/esp-01/telemetry,2150
"{'buzzer': 'off', 'led': 'off'}",esp-01,"{'raw': 305, 'baseline': 311, 'level': 'normal'}",44.3,True,-76,29.7,2026-10-06T14:38:26.718286,sentinelx/esp-01/telemetry,2151
"{'buzzer': 'off', 'led': 'off'}",esp-01,"{'raw': 303, 'baseline': 310, 'level': 'normal'}",43.5,True,-76,29.7,2026-10-06T14:38:27.746429,sentinelx/esp-01/telemetry,2152
"{'buzzer': 'off', 'led': 'off'}",esp-01,"{'raw': 303, 'baseline': 310, 'level': 'normal'}",43.5,False,-77,29.7,2026-10-06T14:38:28.802239,sentinelx/esp-01/telemetry,2153
"{'buzzer': 'off', 'led': 'off'}",esp-01,"{'raw': 302, 'baseline': 309, 'level': 'normal'}",43.0,False,-77,29.6,2026-10-06T14:38:29.849023,sentinelx/esp-01/telemetry,2154
"{'buzzer': 'off', 'led': 'off'}",esp-01,"{'raw': 302, 'baseline': 308, 'level': 'normal'}",43.0,False,-77,29.6,2026-10-06T14:38:30.904515,sentinelx/esp-01/telemetry,2155
"{'buzzer': 'off', 'led': 'off'}",esp-01,"{'raw': 302, 'baseline': 307, 'level': 'normal'}",42.6,False,-77,29.6,2026-10-06T14:38:31.948921,sentinelx/esp-01/telemetry,2156
"{'buzzer': 'off', 'led': 'off'}",esp-01,"{'raw': 301, 'baseline': 307, 'level': 'normal'}",42.6,False,-76,29.6,2026-10-06T14:38:32.995621,sentinelx/esp-01/telemetry,2157
"{'buzzer': 'off', 'led': 'off'}",esp-01,"{'raw': 301, 'baseline': 306, 'level': 'normal'}",42.4,False,-75,29.5,2026-10-06T14:38:34.050081,sentinelx/esp-01/telemetry,2158
"{'buzzer': 'off', 'led': 'off'}",esp-01,"{'raw': 301, 'baseline': 306, 'level': 'normal'}",42.4,False,-75,29.5,2026-10-06T14:38:35.213594,sentinelx/esp-01/telemetry,2159
"{'buzzer': 'off', 'led': 'off'}",esp-01,"{'raw': 301, 'baseline': 305, 'level': 'normal'}",42.2,False,-75,29.5,2026-10-06T14:38:36.161495,sentinelx/esp-01/telemetry,2160
"{'buzzer': 'off', 'led': 'off'}",esp-01,"{'raw': 300, 'baseline': 305, 'level': 'normal'}",42.2,False,-75,29.5,2026-10-06T14:38:37.208229,sentinelx/esp-01/telemetry,2161
"{'buzzer': 'off', 'led': 'off'}",esp-01,"{'raw': 300, 'baseline': 304, 'level': 'normal'}",42.0,False,-75,29.5,2026-10-06T14:38:38.251037,sentinelx/esp-01/telemetry,2162
"{'buzzer': 'off', 'led': 'off'}",esp-01,"{'raw': 300, 'baseline': 304, 'level': 'normal'}",42.0,False,-74,29.5,2026-10-06T14:38:39.304613,sentinelx/esp-01/telemetry,2163
"{'buzzer': 'off', 'led': 'off'}",esp-01,"{'raw': 299, 'baseline': 303, 'level': 'normal'}",41.9,False,-74,29.4,2026-10-06T14:38:40.357006,sentinelx/esp-01/telemetry,2164
"{'buzzer': 'off', 'led': 'off'}",esp-01,"{'raw': 299, 'baseline': 303, 'level': 'normal'}",41.9,False,-74,29.4,2026-10-06T14:38:41.417570,sentinelx/esp-01/telemetry,2165
"{'buzzer': 'off', 'led': 'off'}",esp-01,"{'raw': 298, 'baseline': 302, 'level': 'normal'}",41.8,False,-75,29.4,2026-10-06T14:38:42.453703,sentinelx/esp-01/telemetry,2166
"{'buzzer': 'off', 'led': 'off'}",esp-01,"{'raw': 297, 'baseline': 302, 'level': 'normal'}",41.8,False,-75,29.4,2026-10-06T14:38:43.506298,sentinelx/esp-01/telemetry,2167
"{'buzzer': 'off', 'led': 'off'}",esp-01,"{'raw': 297, 'baseline': 301, 'level': 'normal'}",41.7,False,-75,29.3,2026-10-06T14:38:44.556137,sentinelx/esp-01/telemetry,2168
"{'buzzer': 'off', 'led': 'off'}",esp-01,"{'raw': 297, 'baseline': 301, 'level': 'normal'}",41.7,False,-76,29.3,2026-10-06T14:38:45.608418,sentinelx/esp-01/telemetry,2169
"{'buzzer': 'off', 'led': 'off'}",esp-01,"{'raw': 297, 'baseline': 300, 'level': 'normal'}",41.7,False,-76,29.3,2026-10-06T14:38:46.671490,sentinelx/esp-01/telemetry,2170
"{'buzzer': 'off', 'led': 'off'}",esp-01,"{'raw': 297, 'baseline': 300, 'level': 'normal'}",41.7,False,-76,29.3,2026-10-06T14:38:47.722471,sentinelx/esp-01/telemetry,2171
"{'buzzer': 'off', 'led': 'off'}",esp-01,"{'raw': 296, 'baseline': 299, 'level': 'normal'}",41.6,False,-76,29.2,2026-10-06T14:38:48.760358,sentinelx/esp-01/telemetry,2172
"{'buzzer': 'off', 'led': 'off'}",esp-01,"{'raw': 296, 'baseline': 299, 'level': 'normal'}",41.6,False,-76,29.2,2026-10-06T14:38:49.814252,sentinelx/esp-01/telemetry,2173
"{'buzzer': 'off', 'led': 'off'}",esp-01,"{'raw': 296, 'baseline': 299, 'level': 'normal'}",41.5,False,-77,29.2,2026-10-06T14:38:50.872115,sentinelx/esp-01/telemetry,2174
"{'buzzer': 'off', 'led': 'off'}",esp-01,"{'raw': 296, 'baseline': 298, 'level': 'normal'}",41.5,False,-77,29.2,2026-10-06T14:38:51.923824,sentinelx/esp-01/telemetry,2175
"{'buzzer': 'off', 'led': 'off'}",esp-01,"{'raw': 296, 'baseline': 298, 'level': 'normal'}",41.5,False,-75,29.2,2026-10-06T14:38:52.966156,sentinelx/esp-01/telemetry,2176
"{'buzzer': 'off', 'led': 'off'}",esp-01,"{'raw': 295, 'baseline': 298, 'level': 'normal'}",41.5,False,-75,29.2,2026-10-06T14:38:54.017750,sentinelx/esp-01/telemetry,2177
"{'buzzer': 'off', 'led': 'off'}",esp-01,"{'raw': 296, 'baseline': 297, 'level': 'normal'}",41.5,False,-75,29.1,2026-10-06T14:38:55.074738,sentinelx/esp-01/telemetry,2178
"{'buzzer': 'off', 'led': 'off'}",esp-01,"{'raw': 295, 'baseline': 297, 'level': 'normal'}",41.5,False,-75,29.1,2026-10-06T14:38:56.138593,sentinelx/esp-01/telemetry,2179
"{'buzzer': 'off', 'led': 'off'}",esp-01,"{'raw': 296, 'baseline': 297, 'level': 'normal'}",41.5,False,-77,29.1,2026-10-06T14:38:57.171085,sentinelx/esp-01/telemetry,2180
"{'buzzer': 'off', 'led': 'off'}",esp-01,"{'raw': 294, 'baseline': 297, 'level': 'normal'}",41.5,False,-77,29.1,2026-10-06T14:38:56.648515,sentinelx/esp-01/telemetry,2181
"{'buzzer': 'off', 'led': 'off'}",esp-01,"{'raw': 294, 'baseline': 296, 'level': 'normal'}",41.5,False,-77,29.0,2026-10-06T14:38:57.712357,sentinelx/esp-01/telemetry,2182
"{'buzzer': 'off', 'led': 'off'}",esp-01,"{'raw': 293, 'baseline': 296, 'level': 'normal'}",41.5,False,-77,29.0,2026-10-06T14:38:58.747425,sentinelx/esp-01/telemetry,2183
"{'buzzer': 'off', 'led': 'off'}",esp-01,"{'raw': 294, 'baseline': 296, 'level': 'normal'}",41.5,False,-76,29.0,2026-10-06T14:38:59.801302,sentinelx/esp-01/telemetry,2184
"{'buzzer': 'off', 'led': 'off'}",esp-01,"{'raw': 293, 'baseline': 295, 'level': 'normal'}",41.5,False,-76,29.0,2026-10-06T14:39:00.857966,sentinelx/esp-01/telemetry,2185
"{'buzzer': 'off', 'led': 'off'}",esp-01,"{'raw': 293, 'baseline': 295, 'level': 'normal'}",41.5,False,-76,29.0,2026-10-06T14:39:01.897989,sentinelx/esp-01/telemetry,2186
"{'buzzer': 'off', 'led': 'off'}",esp-01,"{'raw': 292, 'baseline': 295, 'level': 'normal'}",41.5,False,-75,29.0,2026-10-06T14:39:02.951037,sentinelx/esp-01/telemetry,2187
"{'buzzer': 'off', 'led': 'off'}",esp-01,"{'raw': 293, 'baseline': 295, 'level': 'normal'}",41.6,False,-75,28.9,2026-10-06T14:39:03.998288,sentinelx/esp-01/telemetry,2188
"{'buzzer': 'off', 'led': 'off'}",esp-01,"{'raw': 292, 'baseline': 294, 'level': 'normal'}",41.6,False,-74,28.9,2026-10-06T14:39:05.051601,sentinelx/esp-01/telemetry,2189
"{'buzzer': 'off', 'led': 'off'}",esp-01,"{'raw': 292, 'baseline': 294, 'level': 'normal'}",41.6,False,-77,28.9,2026-10-06T14:39:06.108709,sentinelx/esp-01/telemetry,2190
"{'buzzer': 'off', 'led': 'off'}",esp-01,"{'raw': 292, 'baseline': 294, 'level': 'normal'}",41.6,False,-74,28.9,2026-10-06T14:39:07.161350,sentinelx/esp-01/telemetry,2191
"{'buzzer': 'off', 'led': 'off'}",esp-01,"{'raw': 291, 'baseline': 293, 'level': 'normal'}",41.6,False,-74,28.9,2026-10-06T14:39:08.203631,sentinelx/esp-01/telemetry,2192
"{'buzzer': 'off', 'led': 'off'}",esp-01,"{'raw': 291, 'baseline': 293, 'level': 'normal'}",41.6,False,-72,28.9,2026-10-06T14:39:09.259725,sentinelx/esp-01/telemetry,2193
"{'buzzer': 'off', 'led': 'off'}",esp-01,"{'raw': 292, 'baseline': 293, 'level': 'normal'}",41.6,False,-78,28.9,2026-10-06T14:39:10.307566,sentinelx/esp-01/telemetry,2194
"{'buzzer': 'off', 'led': 'off'}",esp-01,"{'raw': 291, 'baseline': 293, 'level': 'normal'}",41.6,False,-73,28.9,2026-10-06T14:39:11.361373,sentinelx/esp-01/telemetry,2195
"{'buzzer': 'off', 'led': 'off'}",esp-01,"{'raw': 291, 'baseline': 292, 'level': 'normal'}",41.6,False,-76,28.8,2026-10-06T14:39:12.422968,sentinelx/esp-01/telemetry,2196
"{'buzzer': 'off', 'led': 'off'}",esp-01,"{'raw': 291, 'baseline': 292, 'level': 'normal'}",41.6,False,-75,28.8,2026-10-06T14:39:13.468308,sentinelx/esp-01/telemetry,2197
"{'buzzer': 'off', 'led': 'off'}",esp-01,"{'raw': 291, 'baseline': 292, 'level': 'normal'}",41.7,False,-78,28.8,2026-10-06T14:39:14.529976,sentinelx/esp-01/telemetry,2198
"{'buzzer': 'off', 'led': 'off'}",esp-01,"{'raw': 291, 'baseline': 292, 'level': 'normal'}",41.7,False,-77,28.8,2026-10-06T14:39:15.592522,sentinelx/esp-01/telemetry,2199
"{'buzzer': 'off', 'led': 'off'}",esp-01,"{'raw': 290, 'baseline': 292, 'level': 'normal'}",41.8,True,-78,28.7,2026-10-06T14:39:16.632088,sentinelx/esp-01/telemetry,2200
"{'buzzer': 'off', 'led': 'off'}",esp-01,"{'raw': 290, 'baseline': 291, 'level': 'normal'}",41.8,True,-76,28.7,2026-10-06T14:39:17.676944,sentinelx/esp-01/telemetry,2201
"{'buzzer': 'off', 'led': 'off'}",esp-01,"{'raw': 290, 'baseline': 291, 'level': 'normal'}",41.8,True,-76,28.7,2026-10-06T14:39:18.731058,sentinelx/esp-01/telemetry,2202
"{'buzzer': 'off', 'led': 'off'}",esp-01,"{'raw': 290, 'baseline': 291, 'level': 'normal'}",41.8,True,-75,28.7,2026-10-06T14:39:19.786999,sentinelx/esp-01/telemetry,2203
"{'buzzer': 'off', 'led': 'off'}",esp-01,"{'raw': 291, 'baseline': 291, 'level': 'normal'}",41.9,True,-75,28.7,2026-10-06T14:39:20.843329,sentinelx/esp-01/telemetry,2204
"{'buzzer': 'off', 'led': 'off'}",esp-01,"{'raw': 290, 'baseline': 291, 'level': 'normal'}",41.9,True,-75,28.7,2026-10-06T14:39:21.892237,sentinelx/esp-01/telemetry,2205
"{'buzzer': 'off', 'led': 'off'}",esp-01,"{'raw': 290, 'baseline': 291, 'level': 'normal'}",41.9,False,-73,28.6,2026-10-06T14:39:22.945205,sentinelx/esp-01/telemetry,2206
"{'buzzer': 'off', 'led': 'off'}",esp-01,"{'raw': 290, 'baseline': 291, 'level': 'normal'}",41.9,False,-76,28.6,2026-10-06T14:39:23.994572,sentinelx/esp-01/telemetry,2207
"{'buzzer': 'off', 'led': 'off'}",esp-01,"{'raw': 290, 'baseline': 291, 'level': 'normal'}",42.0,False,-76,28.6,2026-10-06T14:39:25.045432,sentinelx/esp-01/telemetry,2208
"{'buzzer': 'off', 'led': 'off'}",esp-01,"{'raw': 290, 'baseline': 290, 'level': 'normal'}",42.0,False,-74,28.6,2026-10-06T14:39:26.100944,sentinelx/esp-01/telemetry,2209
"{'buzzer': 'off', 'led': 'off'}",esp-01,"{'raw': 290, 'baseline': 290, 'level': 'normal'}",42.2,False,-74,28.6,2026-10-06T14:39:27.155496,sentinelx/esp-01/telemetry,2210
"{'buzzer': 'off', 'led': 'off'}",esp-01,"{'raw': 387, 'baseline': 291, 'level': 'normal'}",42.2,True,-74,28.6,2026-10-06T14:39:26.626609,sentinelx/esp-01/telemetry,2211
"{'buzzer': 'off', 'led': 'off'}",esp-01,"{'raw': 743, 'baseline': 291, 'level': 'alerte'}",42.2,True,-74,28.5,2026-10-06T14:39:27.683988,sentinelx/esp-01/telemetry,2212
"{'buzzer': 'off', 'led': 'off'}",esp-01,"{'raw': 720, 'baseline': 291, 'level': 'alerte'}",42.2,True,-74,28.5,2026-10-06T14:39:28.734204,sentinelx/esp-01/telemetry,2213
"{'buzzer': 'off', 'led': 'off'}",esp-01,"{'raw': 649, 'baseline': 291, 'level': 'alerte'}",42.2,True,-74,28.5,2026-10-06T14:39:29.780848,sentinelx/esp-01/telemetry,2214
"{'buzzer': 'off', 'led': 'off'}",esp-01,"{'raw': 610, 'baseline': 291, 'level': 'alerte'}",42.2,True,-75,28.5,2026-10-06T14:39:30.830320,sentinelx/esp-01/telemetry,2215
"{'buzzer': 'off', 'led': 'off'}",esp-01,"{'raw': 681, 'baseline': 291, 'level': 'alerte'}",42.3,True,-74,28.5,2026-10-06T14:39:31.880037,sentinelx/esp-01/telemetry,2216
"{'buzzer': 'off', 'led': 'off'}",esp-01,"{'raw': 701, 'baseline': 291, 'level': 'alerte'}",42.3,True,-74,28.5,2026-10-06T14:39:32.930974,sentinelx/esp-01/telemetry,2217
"{'buzzer': 'off', 'led': 'off'}",esp-01,"{'raw': 741, 'baseline': 291, 'level': 'alerte'}",42.4,True,-74,28.5,2026-10-06T14:39:33.994902,sentinelx/esp-01/telemetry,2218
"{'buzzer': 'off', 'led': 'off'}",esp-01,"{'raw': 703, 'baseline': 291, 'level': 'alerte'}",42.4,True,-76,28.5,2026-10-06T14:39:35.028932,sentinelx/esp-01/telemetry,2219
"{'buzzer': 'off', 'led': 'off'}",esp-01,"{'raw': 615, 'baseline': 291, 'level': 'alerte'}",42.5,True,-74,28.5,2026-10-06T14:39:36.078634,sentinelx/esp-01/telemetry,2220
"{'buzzer': 'off', 'led': 'off'}",esp-01,"{'raw': 537, 'baseline': 291, 'level': 'eleve'}",42.5,True,-73,28.5,2026-10-06T14:39:37.132975,sentinelx/esp-01/telemetry,2221
"{'buzzer': 'off', 'led': 'off'}",esp-01,"{'raw': 526, 'baseline': 292, 'level': 'eleve'}",42.6,True,-73,28.4,2026-10-06T14:39:38.187302,sentinelx/esp-01/telemetry,2222
"{'buzzer': 'off', 'led': 'off'}",esp-01,"{'raw': 534, 'baseline': 293, 'level': 'eleve'}",42.6,True,-74,28.4,2026-10-06T14:39:39.250405,sentinelx/esp-01/telemetry,2223
"{'buzzer': 'off', 'led': 'off'}",esp-01,"{'raw': 522, 'baseline': 293, 'level': 'eleve'}",42.6,True,-78,28.4,2026-10-06T14:39:40.301700,sentinelx/esp-01/telemetry,2224
"{'buzzer': 'off', 'led': 'off'}",esp-01,"{'raw': 515, 'baseline': 294, 'level': 'eleve'}",42.6,True,-76,28.4,2026-10-06T14:39:41.358232,sentinelx/esp-01/telemetry,2225
"{'buzzer': 'off', 'led': 'off'}",esp-01,"{'raw': 501, 'baseline': 295, 'level': 'eleve'}",42.7,True,-76,28.4,2026-10-06T14:39:42.414250,sentinelx/esp-01/telemetry,2226
"{'buzzer': 'off', 'led': 'off'}",esp-01,"{'raw': 477, 'baseline': 295, 'level': 'eleve'}",42.7,True,-72,28.4,2026-10-06T14:39:43.474754,sentinelx/esp-01/telemetry,2227
"{'buzzer': 'off', 'led': 'off'}",esp-01,"{'raw': 441, 'baseline': 296, 'level': 'eleve'}",42.7,True,-72,28.3,2026-10-06T14:39:44.528341,sentinelx/esp-01/telemetry,2228
"{'buzzer': 'off', 'led': 'off'}",esp-01,"{'raw': 415, 'baseline': 296, 'level': 'normal'}",42.7,True,-72,28.3,2026-10-06T14:39:45.579449,sentinelx/esp-01/telemetry,2229
"{'buzzer': 'off', 'led': 'off'}",esp-01,"{'raw': 398, 'baseline': 296, 'level': 'normal'}",43.0,False,-73,28.3,2026-10-06T14:39:46.634693,sentinelx/esp-01/telemetry,2230
"{'buzzer': 'off', 'led': 'off'}",esp-01,"{'raw': 385, 'baseline': 297, 'level': 'normal'}",43.0,False,-75,28.3,2026-10-06T14:39:47.703000,sentinelx/esp-01/telemetry,2231
"{'buzzer': 'off', 'led': 'off'}",esp-01,"{'raw': 377, 'baseline': 297, 'level': 'normal'}",43.5,True,-76,28.3,2026-10-06T14:39:48.736400,sentinelx/esp-01/telemetry,2232
"{'buzzer': 'off', 'led': 'off'}",esp-01,"{'raw': 369, 'baseline': 300, 'level': 'normal'}",43.5,True,-74,28.3,2026-10-06T14:39:49.793260,sentinelx/esp-01/telemetry,2233
"{'buzzer': 'off', 'led': 'off'}",esp-01,"{'raw': 367, 'baseline': 304, 'level': 'normal'}",44.0,True,-75,28.3,2026-10-06T14:39:50.848188,sentinelx/esp-01/telemetry,2234
"{'buzzer': 'off', 'led': 'off'}",esp-01,"{'raw': 365, 'baseline': 307, 'level': 'normal'}",44.0,True,-74,28.3,2026-10-06T14:39:51.899485,sentinelx/esp-01/telemetry,2235
"{'buzzer': 'off', 'led': 'off'}",esp-01,"{'raw': 365, 'baseline': 310, 'level': 'normal'}",43.9,True,-75,28.3,2026-10-06T14:39:52.952753,sentinelx/esp-01/telemetry,2236
"{'buzzer': 'off', 'led': 'off'}",esp-01,"{'raw': 357, 'baseline': 312, 'level': 'normal'}",43.9,True,-76,28.3,2026-10-06T14:39:54.003100,sentinelx/esp-01/telemetry,2237
"{'buzzer': 'off', 'led': 'off'}",esp-01,"{'raw': 351, 'baseline': 314, 'level': 'normal'}",43.8,True,-75,28.2,2026-10-06T14:39:55.060333,sentinelx/esp-01/telemetry,2238
"{'buzzer': 'off', 'led': 'off'}",esp-01,"{'raw': 344, 'baseline': 315, 'level': 'normal'}",43.8,True,-72,28.2,2026-10-06T14:39:56.108433,sentinelx/esp-01/telemetry,2239
"{'buzzer': 'off', 'led': 'off'}",esp-01,"{'raw': 340, 'baseline': 317, 'level': 'normal'}",43.7,True,-77,28.2,2026-10-06T14:39:57.169529,sentinelx/esp-01/telemetry,2240
"{'buzzer': 'off', 'led': 'off'}",esp-01,"{'raw': 334, 'baseline': 317, 'level': 'normal'}",43.7,True,-81,28.2,2026-10-06T14:39:58.206683,sentinelx/esp-01/telemetry,2241
"{'buzzer': 'off', 'led': 'off'}",esp-01,"{'raw': 331, 'baseline': 318, 'level': 'normal'}",43.7,True,-82,28.2,2026-10-06T14:39:59.264031,sentinelx/esp-01/telemetry,2242
"{'buzzer': 'off', 'led': 'off'}",esp-01,"{'raw': 328, 'baseline': 319, 'level': 'normal'}",43.7,True,-80,28.2,2026-10-06T14:40:00.339164,sentinelx/esp-01/telemetry,2243
"{'buzzer': 'off', 'led': 'off'}",esp-01,"{'raw': 327, 'baseline': 319, 'level': 'normal'}",43.7,False,-80,28.1,2026-10-06T14:40:01.369734,sentinelx/esp-01/telemetry,2244
"{'buzzer': 'off', 'led': 'off'}",esp-01,"{'raw': 324, 'baseline': 319, 'level': 'normal'}",43.7,False,-81,28.1,2026-10-06T14:40:02.407050,sentinelx/esp-01/telemetry,2245
"{'buzzer': 'off', 'led': 'off'}",esp-01,"{'raw': 322, 'baseline': 319, 'level': 'normal'}",43.6,False,-81,28.1,2026-10-06T14:40:03.462393,sentinelx/esp-01/telemetry,2246
"{'buzzer': 'off', 'led': 'off'}",esp-01,"{'raw': 319, 'baseline': 319, 'level': 'normal'}",43.6,False,-74,28.1,2026-10-06T14:40:04.504218,sentinelx/esp-01/telemetry,2247
"{'buzzer': 'off', 'led': 'off'}",esp-01,"{'raw': 324, 'baseline': 319, 'level': 'normal'}",43.7,False,-77,28.1,2026-10-06T14:40:05.537811,sentinelx/esp-01/telemetry,2248
"{'buzzer': 'off', 'led': 'off'}",esp-01,"{'raw': 322, 'baseline': 320, 'level': 'normal'}",43.7,False,-81,28.1,2026-10-06T14:40:06.588567,sentinelx/esp-01/telemetry,2249
"{'buzzer': 'off', 'led': 'off'}",esp-01,"{'raw': 321, 'baseline': 320, 'level': 'normal'}",43.7,False,-79,28.1,2026-10-06T14:40:07.625244,sentinelx/esp-01/telemetry,2250
"{'buzzer': 'off', 'led': 'off'}",esp-01,"{'raw': 320, 'baseline': 320, 'level': 'normal'}",43.7,False,-82,28.1,2026-10-06T14:40:08.673435,sentinelx/esp-01/telemetry,2251
"{'buzzer': 'off', 'led': 'off'}",esp-01,"{'raw': 319, 'baseline': 319, 'level': 'normal'}",43.7,False,-81,28.1,2026-10-06T14:40:09.704901,sentinelx/esp-01/telemetry,2252
"{'buzzer': 'off', 'led': 'off'}",esp-01,"{'raw': 318, 'baseline': 319, 'level': 'normal'}",43.7,False,-76,28.1,2026-10-06T14:40:10.683421,sentinelx/esp-01/telemetry,2253
"{'buzzer': 'off', 'led': 'off'}",esp-01,"{'raw': 317, 'baseline': 319, 'level': 'normal'}",43.7,False,-78,28.1,2026-10-06T14:40:11.674437,sentinelx/esp-01/telemetry,2254
"{'buzzer': 'off', 'led': 'off'}",esp-01,"{'raw': 316, 'baseline': 319, 'level': 'normal'}",43.7,False,-73,28.1,2026-10-06T14:40:12.687237,sentinelx/esp-01/telemetry,2255
"{'buzzer': 'off', 'led': 'off'}",esp-01,"{'raw': 316, 'baseline': 318, 'level': 'normal'}",43.7,False,-78,28.0,2026-10-06T14:40:13.678341,sentinelx/esp-01/telemetry,2256
"{'buzzer': 'off', 'led': 'off'}",esp-01,"{'raw': 315, 'baseline': 318, 'level': 'normal'}",43.7,False,-75,28.0,2026-10-06T14:40:12.658457,sentinelx/esp-01/telemetry,2257
"{'buzzer': 'off', 'led': 'off'}",esp-01,"{'raw': 314, 'baseline': 318, 'level': 'normal'}",43.7,False,-76,28.0,2026-10-06T14:40:13.716123,sentinelx/esp-01/telemetry,2258
"{'buzzer': 'off', 'led': 'off'}",esp-01,"{'raw': 313, 'baseline': 317, 'level': 'normal'}",43.7,False,-75,28.0,2026-10-06T14:40:14.761308,sentinelx/esp-01/telemetry,2259
"{'buzzer': 'off', 'led': 'off'}",esp-01,"{'raw': 311, 'baseline': 316, 'level': 'normal'}",43.9,False,-74,28.0,2026-10-06T14:40:15.816626,sentinelx/esp-01/telemetry,2260
"{'buzzer': 'off', 'led': 'off'}",esp-01,"{'raw': 310, 'baseline': 316, 'level': 'normal'}",43.9,False,-75,28.0,2026-10-06T14:40:16.862177,sentinelx/esp-01/telemetry,2261
"{'buzzer': 'off', 'led': 'off'}",esp-01,"{'raw': 311, 'baseline': 315, 'level': 'normal'}",43.9,False,-75,28.0,2026-10-06T14:40:17.919139,sentinelx/esp-01/telemetry,2262
"{'buzzer': 'off', 'led': 'off'}",esp-01,"{'raw': 310, 'baseline': 315, 'level': 'normal'}",43.9,False,-78,28.0,2026-10-06T14:40:18.972224,sentinelx/esp-01/telemetry,2263
"{'buzzer': 'off', 'led': 'off'}",esp-01,"{'raw': 309, 'baseline': 314, 'level': 'normal'}",44.0,False,-78,28.0,2026-10-06T14:40:20.035770,sentinelx/esp-01/telemetry,2264
"{'buzzer': 'off', 'led': 'off'}",esp-01,"{'raw': 309, 'baseline': 313, 'level': 'normal'}",44.0,False,-77,28.0,2026-10-06T14:40:21.084008,sentinelx/esp-01/telemetry,2265
"{'buzzer': 'off', 'led': 'off'}",esp-01,"{'raw': 310, 'baseline': 313, 'level': 'normal'}",44.0,False,-71,27.9,2026-10-06T14:40:22.140135,sentinelx/esp-01/telemetry,2266
"{'buzzer': 'off', 'led': 'off'}",esp-01,"{'raw': 309, 'baseline': 313, 'level': 'normal'}",44.0,False,-75,27.9,2026-10-06T14:40:23.205409,sentinelx/esp-01/telemetry,2267
"{'buzzer': 'off', 'led': 'off'}",esp-01,"{'raw': 310, 'baseline': 312, 'level': 'normal'}",44.2,False,-71,27.9,2026-10-06T14:40:24.278291,sentinelx/esp-01/telemetry,2268
"{'buzzer': 'off', 'led': 'off'}",esp-01,"{'raw': 311, 'baseline': 312, 'level': 'normal'}",44.2,False,-74,27.9,2026-10-06T14:40:25.309642,sentinelx/esp-01/telemetry,2269
"{'buzzer': 'off', 'led': 'off'}",esp-01,"{'raw': 311, 'baseline': 312, 'level': 'normal'}",44.6,False,-74,27.9,2026-10-06T14:40:26.381027,sentinelx/esp-01/telemetry,2270
"{'buzzer': 'off', 'led': 'off'}",esp-01,"{'raw': 309, 'baseline': 312, 'level': 'normal'}",44.6,False,-74,27.9,2026-10-06T14:40:27.452690,sentinelx/esp-01/telemetry,2271
"{'buzzer': 'off', 'led': 'off'}",esp-01,"{'raw': 309, 'baseline': 311, 'level': 'normal'}",45.1,False,-73,27.9,2026-10-06T14:40:28.532149,sentinelx/esp-01/telemetry,2272
"{'buzzer': 'off', 'led': 'off'}",esp-01,"{'raw': 311, 'baseline': 311, 'level': 'normal'}",45.1,False,-71,27.9,2026-10-06T14:40:29.609626,sentinelx/esp-01/telemetry,2273
"{'buzzer': 'off', 'led': 'off'}",esp-01,"{'raw': 317, 'baseline': 311, 'level': 'normal'}",45.5,False,-72,27.9,2026-10-06T14:40:30.685745,sentinelx/esp-01/telemetry,2274
"{'buzzer': 'off', 'led': 'off'}",esp-01,"{'raw': 313, 'baseline': 312, 'level': 'normal'}",45.5,False,-72,27.9,2026-10-06T14:40:31.758469,sentinelx/esp-01/telemetry,2275
"{'buzzer': 'off', 'led': 'off'}",esp-01,"{'raw': 311, 'baseline': 311, 'level': 'normal'}",45.5,False,-73,27.8,2026-10-06T14:40:32.822837,sentinelx/esp-01/telemetry,2276
"{'buzzer': 'off', 'led': 'off'}",esp-01,"{'raw': 309, 'baseline': 311, 'level': 'normal'}",45.5,False,-72,27.8,2026-10-06T14:40:33.870682,sentinelx/esp-01/telemetry,2277
"{'buzzer': 'off', 'led': 'off'}",esp-01,"{'raw': 309, 'baseline': 311, 'level': 'normal'}",45.4,False,-71,27.8,2026-10-06T14:40:34.917006,sentinelx/esp-01/telemetry,2278
"{'buzzer': 'off', 'led': 'off'}",esp-01,"{'raw': 308, 'baseline': 311, 'level': 'normal'}",45.4,False,-69,27.8,2026-10-06T14:40:35.971037,sentinelx/esp-01/telemetry,2279
"{'buzzer': 'off', 'led': 'off'}",esp-01,"{'raw': 309, 'baseline': 310, 'level': 'normal'}",45.3,False,-71,27.8,2026-10-06T14:40:37.029612,sentinelx/esp-01/telemetry,2280
"{'buzzer': 'off', 'led': 'off'}",esp-01,"{'raw': 307, 'baseline': 310, 'level': 'normal'}",45.3,False,-73,27.8,2026-10-06T14:40:38.074384,sentinelx/esp-01/telemetry,2281
"{'buzzer': 'off', 'led': 'off'}",esp-01,"{'raw': 306, 'baseline': 309, 'level': 'normal'}",45.1,True,-72,27.8,2026-10-06T14:40:39.122518,sentinelx/esp-01/telemetry,2282
"{'buzzer': 'off', 'led': 'off'}",esp-01,"{'raw': 306, 'baseline': 309, 'level': 'normal'}",45.1,True,-72,27.8,2026-10-06T14:40:40.173344,sentinelx/esp-01/telemetry,2283
"{'buzzer': 'off', 'led': 'off'}",esp-01,"{'raw': 305, 'baseline': 309, 'level': 'normal'}",45.0,True,-71,27.8,2026-10-06T14:40:41.223631,sentinelx/esp-01/telemetry,2284
"{'buzzer': 'off', 'led': 'off'}",esp-01,"{'raw': 305, 'baseline': 308, 'level': 'normal'}",45.0,True,-71,27.8,2026-10-06T14:40:42.271517,sentinelx/esp-01/telemetry,2285
"{'buzzer': 'off', 'led': 'off'}",esp-01,"{'raw': 305, 'baseline': 308, 'level': 'normal'}",45.0,True,-71,27.8,2026-10-06T14:40:43.294235,sentinelx/esp-01/telemetry,2286
"{'buzzer': 'off', 'led': 'off'}",esp-01,"{'raw': 305, 'baseline': 308, 'level': 'normal'}",45.0,True,-73,27.8,2026-10-06T14:40:42.625941,sentinelx/esp-01/telemetry,2287
"{'buzzer': 'off', 'led': 'off'}",esp-01,"{'raw': 304, 'baseline': 307, 'level': 'normal'}",45.0,True,-71,27.7,2026-10-06T14:40:43.651201,sentinelx/esp-01/telemetry,2288
"{'buzzer': 'off', 'led': 'off'}",esp-01,"{'raw': 303, 'baseline': 307, 'level': 'normal'}",45.0,False,-71,27.7,2026-10-06T14:40:44.677954,sentinelx/esp-01/telemetry,2289
"{'buzzer': 'off', 'led': 'off'}",esp-01,"{'raw': 302, 'baseline': 306, 'level': 'normal'}",45.0,False,-74,27.7,2026-10-06T14:40:45.707931,sentinelx/esp-01/telemetry,2290
"{'buzzer': 'off', 'led': 'off'}",esp-01,"{'raw': 302, 'baseline': 306, 'level': 'normal'}",45.0,False,-74,27.7,2026-10-06T14:40:46.729931,sentinelx/esp-01/telemetry,2291
"{'buzzer': 'off', 'led': 'off'}",esp-01,"{'raw': 301, 'baseline': 305, 'level': 'normal'}",45.0,False,-74,27.7,2026-10-06T14:40:47.759657,sentinelx/esp-01/telemetry,2292
"{'buzzer': 'off', 'led': 'off'}",esp-01,"{'raw': 301, 'baseline': 305, 'level': 'normal'}",45.0,False,-74,27.7,2026-10-06T14:40:48.810154,sentinelx/esp-01/telemetry,2293
"{'buzzer': 'off', 'led': 'off'}",esp-01,"{'raw': 302, 'baseline': 304, 'level': 'normal'}",45.1,False,-73,27.7,2026-10-06T14:40:49.859909,sentinelx/esp-01/telemetry,2294
"{'buzzer': 'off', 'led': 'off'}",esp-01,"{'raw': 300, 'baseline': 304, 'level': 'normal'}",45.1,False,-73,27.7,2026-10-06T14:40:50.899196,sentinelx/esp-01/telemetry,2295
"{'buzzer': 'off', 'led': 'off'}",esp-01,"{'raw': 300, 'baseline': 303, 'level': 'normal'}",45.1,False,-73,27.7,2026-10-06T14:40:53.497706,sentinelx/esp-01/telemetry,2296
"{'buzzer': 'off', 'led': 'off'}",esp-01,"{'raw': 300, 'baseline': 303, 'level': 'normal'}",45.1,True,-73,27.7,2026-10-06T14:40:53.505499,sentinelx/esp-01/telemetry,2297
"{'buzzer': 'off', 'led': 'off'}",esp-01,"{'raw': 299, 'baseline': 303, 'level': 'normal'}",45.2,True,-73,27.6,2026-10-06T14:40:54.068127,sentinelx/esp-01/telemetry,2298
"{'buzzer': 'off', 'led': 'off'}",esp-01,"{'raw': 299, 'baseline': 302, 'level': 'normal'}",45.2,True,-72,27.6,2026-10-06T14:40:55.141206,sentinelx/esp-01/telemetry,2299
"{'buzzer': 'off', 'led': 'off'}",esp-01,"{'raw': 299, 'baseline': 302, 'level': 'normal'}",45.2,True,-72,27.6,2026-10-06T14:40:56.175822,sentinelx/esp-01/telemetry,2300
"{'buzzer': 'off', 'led': 'off'}",esp-01,"{'raw': 299, 'baseline': 301, 'level': 'normal'}",45.2,True,-73,27.6,2026-10-06T14:40:57.227045,sentinelx/esp-01/telemetry,2301
"{'buzzer': 'off', 'led': 'off'}",esp-01,"{'raw': 299, 'baseline': 301, 'level': 'normal'}",45.2,True,-73,27.6,2026-10-06T14:40:58.308453,sentinelx/esp-01/telemetry,2302
"{'buzzer': 'off', 'led': 'off'}",esp-01,"{'raw': 304, 'baseline': 301, 'level': 'normal'}",45.2,True,-72,27.6,2026-10-06T14:40:59.372720,sentinelx/esp-01/telemetry,2303
"{'buzzer': 'off', 'led': 'off'}",esp-01,"{'raw': 306, 'baseline': 302, 'level': 'normal'}",45.4,True,-73,27.5,2026-10-06T14:41:00.460981,sentinelx/esp-01/telemetry,2304
"{'buzzer': 'off', 'led': 'off'}",esp-01,"{'raw': 305, 'baseline': 302, 'level': 'normal'}",45.4,True,-76,27.5,2026-10-06T14:41:01.544393,sentinelx/esp-01/telemetry,2305
"{'buzzer': 'off', 'led': 'off'}",esp-01,"{'raw': 305, 'baseline': 302, 'level': 'normal'}",45.6,True,-77,27.5,2026-10-06T14:41:02.628383,sentinelx/esp-01/telemetry,2306
"{'buzzer': 'off', 'led': 'off'}",esp-01,"{'raw': 305, 'baseline': 302, 'level': 'normal'}",45.6,True,-72,27.5,2026-10-06T14:41:03.711534,sentinelx/esp-01/telemetry,2307
"{'buzzer': 'off', 'led': 'off'}",esp-01,"{'raw': 305, 'baseline': 302, 'level': 'normal'}",45.8,True,-73,27.5,2026-10-06T14:41:04.761459,sentinelx/esp-01/telemetry,2308
"{'buzzer': 'off', 'led': 'off'}",esp-01,"{'raw': 303, 'baseline': 302, 'level': 'normal'}",45.8,True,-74,27.5,2026-10-06T14:41:05.819545,sentinelx/esp-01/telemetry,2309
"{'buzzer': 'off', 'led': 'off'}",esp-01,"{'raw': 303, 'baseline': 302, 'level': 'normal'}",45.9,True,-74,27.5,2026-10-06T14:41:06.863778,sentinelx/esp-01/telemetry,2310
"{'buzzer': 'off', 'led': 'off'}",esp-01,"{'raw': 303, 'baseline': 302, 'level': 'normal'}",45.9,True,-75,27.5,2026-10-06T14:41:07.913901,sentinelx/esp-01/telemetry,2311
"{'buzzer': 'off', 'led': 'off'}",esp-01,"{'raw': 303, 'baseline': 302, 'level': 'normal'}",45.9,True,-75,27.5,2026-10-06T14:41:08.991020,sentinelx/esp-01/telemetry,2312
"{'buzzer': 'off', 'led': 'off'}",esp-01,"{'raw': 302, 'baseline': 302, 'level': 'normal'}",45.9,True,-73,27.5,2026-10-06T14:41:10.013349,sentinelx/esp-01/telemetry,2313
"{'buzzer': 'off', 'led': 'off'}",esp-01,"{'raw': 302, 'baseline': 302, 'level': 'normal'}",45.8,True,-73,27.5,2026-10-06T14:41:11.065500,sentinelx/esp-01/telemetry,2314
"{'buzzer': 'off', 'led': 'off'}",esp-01,"{'raw': 301, 'baseline': 302, 'level': 'normal'}",45.8,False,-72,27.5,2026-10-06T14:41:12.114657,sentinelx/esp-01/telemetry,2315
"{'buzzer': 'off', 'led': 'off'}",esp-01,"{'raw': 300, 'baseline': 302, 'level': 'normal'}",45.9,False,-73,27.5,2026-10-06T14:41:13.167874,sentinelx/esp-01/telemetry,2316
"{'buzzer': 'off', 'led': 'off'}",esp-01,"{'raw': 300, 'baseline': 301, 'level': 'normal'}",45.9,False,-74,27.5,2026-10-06T14:41:14.232822,sentinelx/esp-01/telemetry,2317
"{'buzzer': 'off', 'led': 'off'}",esp-01,"{'raw': 299, 'baseline': 301, 'level': 'normal'}",45.9,False,-73,27.5,2026-10-06T14:41:13.626162,sentinelx/esp-01/telemetry,2318
"{'buzzer': 'off', 'led': 'off'}",esp-01,"{'raw': 299, 'baseline': 301, 'level': 'normal'}",45.9,False,-72,27.5,2026-10-06T14:41:14.650123,sentinelx/esp-01/telemetry,2319
"{'buzzer': 'off', 'led': 'off'}",esp-01,"{'raw': 298, 'baseline': 301, 'level': 'normal'}",45.9,False,-72,27.5,2026-10-06T14:41:15.699009,sentinelx/esp-01/telemetry,2320
"{'buzzer': 'off', 'led': 'off'}",esp-01,"{'raw': 297, 'baseline': 300, 'level': 'normal'}",45.9,False,-72,27.5,2026-10-06T14:41:16.689063,sentinelx/esp-01/telemetry,2321
"{'buzzer': 'off', 'led': 'off'}",esp-01,"{'raw': 297, 'baseline': 300, 'level': 'normal'}",45.9,False,-73,27.5,2026-10-06T14:41:17.724422,sentinelx/esp-01/telemetry,2322
"{'buzzer': 'off', 'led': 'off'}",esp-01,"{'raw': 296, 'baseline': 299, 'level': 'normal'}",45.9,False,-73,27.5,2026-10-06T14:41:18.730128,sentinelx/esp-01/telemetry,2323
"{'buzzer': 'off', 'led': 'off'}",esp-01,"{'raw': 296, 'baseline': 299, 'level': 'normal'}",46.0,False,-73,27.5,2026-10-06T14:41:19.761647,sentinelx/esp-01/telemetry,2324
"{'buzzer': 'off', 'led': 'off'}",esp-01,"{'raw': 296, 'baseline': 299, 'level': 'normal'}",46.0,False,-73,27.5,2026-10-06T14:41:20.808943,sentinelx/esp-01/telemetry,2325
"{'buzzer': 'off', 'led': 'off'}",esp-01,"{'raw': 296, 'baseline': 298, 'level': 'normal'}",45.9,False,-73,27.4,2026-10-06T14:41:21.862376,sentinelx/esp-01/telemetry,2326
"{'buzzer': 'off', 'led': 'off'}",esp-01,"{'raw': 295, 'baseline': 298, 'level': 'normal'}",45.9,False,-71,27.4,2026-10-06T14:41:22.931368,sentinelx/esp-01/telemetry,2327
"{'buzzer': 'off', 'led': 'off'}",esp-01,"{'raw': 295, 'baseline': 298, 'level': 'normal'}",45.9,False,-72,27.4,2026-10-06T14:41:23.972442,sentinelx/esp-01/telemetry,2328
"{'buzzer': 'off', 'led': 'off'}",esp-01,"{'raw': 295, 'baseline': 297, 'level': 'normal'}",45.9,False,-71,27.4,2026-10-06T14:41:25.037812,sentinelx/esp-01/telemetry,2329
"{'buzzer': 'off', 'led': 'off'}",esp-01,"{'raw': 296, 'baseline': 297, 'level': 'normal'}",45.9,False,-71,27.4,2026-10-06T14:41:26.101565,sentinelx/esp-01/telemetry,2330
"{'buzzer': 'off', 'led': 'off'}",esp-01,"{'raw': 295, 'baseline': 297, 'level': 'normal'}",45.9,False,-71,27.4,2026-10-06T14:41:27.157619,sentinelx/esp-01/telemetry,2331
"{'buzzer': 'off', 'led': 'off'}",esp-01,"{'raw': 295, 'baseline': 297, 'level': 'normal'}",45.9,False,-72,27.4,2026-10-06T14:41:28.212957,sentinelx/esp-01/telemetry,2332
"{'buzzer': 'off', 'led': 'off'}",esp-01,"{'raw': 294, 'baseline': 296, 'level': 'normal'}",45.9,False,-72,27.4,2026-10-06T14:41:29.278149,sentinelx/esp-01/telemetry,2333
"{'buzzer': 'off', 'led': 'off'}",esp-01,"{'raw': 294, 'baseline': 296, 'level': 'normal'}",45.9,False,-72,27.4,2026-10-06T14:41:30.330056,sentinelx/esp-01/telemetry,2334
"{'buzzer': 'off', 'led': 'off'}",esp-01,"{'raw': 293, 'baseline': 296, 'level': 'normal'}",45.9,False,-72,27.4,2026-10-06T14:41:31.409339,sentinelx/esp-01/telemetry,2335
"{'buzzer': 'off', 'led': 'off'}",esp-01,"{'raw': 293, 'baseline': 295, 'level': 'normal'}",45.9,False,-72,27.4,2026-10-06T14:41:32.504064,sentinelx/esp-01/telemetry,2336
"{'buzzer': 'off', 'led': 'off'}",esp-01,"{'raw': 293, 'baseline': 295, 'level': 'normal'}",45.9,False,-72,27.4,2026-10-06T14:41:33.577326,sentinelx/esp-01/telemetry,2337
"{'buzzer': 'off', 'led': 'off'}",esp-01,"{'raw': 293, 'baseline': 295, 'level': 'normal'}",45.9,False,-74,27.3,2026-10-06T14:41:34.672898,sentinelx/esp-01/telemetry,2338
"{'buzzer': 'off', 'led': 'off'}",esp-01,"{'raw': 293, 'baseline': 295, 'level': 'normal'}",45.9,False,-73,27.3,2026-10-06T14:41:35.748733,sentinelx/esp-01/telemetry,2339
"{'buzzer': 'off', 'led': 'off'}",esp-01,"{'raw': 292, 'baseline': 294, 'level': 'normal'}",45.9,False,-72,27.3,2026-10-06T14:41:36.798751,sentinelx/esp-01/telemetry,2340
"{'buzzer': 'off', 'led': 'off'}",esp-01,"{'raw': 292, 'baseline': 294, 'level': 'normal'}",45.9,False,-74,27.3,2026-10-06T14:41:37.852636,sentinelx/esp-01/telemetry,2341
"{'buzzer': 'off', 'led': 'off'}",esp-01,"{'raw': 292, 'baseline': 294, 'level': 'normal'}",45.9,False,-74,27.3,2026-10-06T14:41:38.900492,sentinelx/esp-01/telemetry,2342
"{'buzzer': 'off', 'led': 'off'}",esp-01,"{'raw': 292, 'baseline': 294, 'level': 'normal'}",45.9,False,-71,27.3,2026-10-06T14:41:39.951226,sentinelx/esp-01/telemetry,2343
"{'buzzer': 'off', 'led': 'off'}",esp-01,"{'raw': 292, 'baseline': 293, 'level': 'normal'}",45.9,False,-73,27.3,2026-10-06T14:41:40.999433,sentinelx/esp-01/telemetry,2344
"{'buzzer': 'off', 'led': 'off'}",esp-01,"{'raw': 292, 'baseline': 293, 'level': 'normal'}",45.9,False,-73,27.3,2026-10-06T14:41:42.062604,sentinelx/esp-01/telemetry,2345
"{'buzzer': 'off', 'led': 'off'}",esp-01,"{'raw': 292, 'baseline': 293, 'level': 'normal'}",46.0,False,-73,27.3,2026-10-06T14:41:43.120424,sentinelx/esp-01/telemetry,2346
"{'buzzer': 'off', 'led': 'off'}",esp-01,"{'raw': 291, 'baseline': 293, 'level': 'normal'}",46.0,False,-72,27.3,2026-10-06T14:41:44.153125,sentinelx/esp-01/telemetry,2347
"{'buzzer': 'off', 'led': 'off'}",esp-01,"{'raw': 291, 'baseline': 293, 'level': 'normal'}",46.0,False,-72,27.3,2026-10-06T14:41:45.201724,sentinelx/esp-01/telemetry,2348
"{'buzzer': 'off', 'led': 'off'}",esp-01,"{'raw': 291, 'baseline': 292, 'level': 'normal'}",46.0,False,-71,27.3,2026-10-06T14:41:44.672175,sentinelx/esp-01/telemetry,2349
"{'buzzer': 'off', 'led': 'off'}",esp-01,"{'raw': 293, 'baseline': 292, 'level': 'normal'}",46.0,False,-75,27.3,2026-10-06T14:41:45.717703,sentinelx/esp-01/telemetry,2350
"{'buzzer': 'off', 'led': 'off'}",esp-01,"{'raw': 300, 'baseline': 293, 'level': 'normal'}",46.0,False,-75,27.3,2026-10-06T14:41:46.769458,sentinelx/esp-01/telemetry,2351
"{'buzzer': 'off', 'led': 'off'}",esp-01,"{'raw': 308, 'baseline': 293, 'level': 'normal'}",47.2,False,-74,27.3,2026-10-06T14:41:47.811585,sentinelx/esp-01/telemetry,2352
"{'buzzer': 'off', 'led': 'off'}",esp-01,"{'raw': 311, 'baseline': 294, 'level': 'normal'}",47.2,False,-65,27.3,2026-10-06T14:41:48.862689,sentinelx/esp-01/telemetry,2353
"{'buzzer': 'off', 'led': 'off'}",esp-01,"{'raw': 306, 'baseline': 295, 'level': 'normal'}",56.6,False,-73,27.3,2026-10-06T14:41:49.916275,sentinelx/esp-01/telemetry,2354
"{'buzzer': 'off', 'led': 'off'}",esp-01,"{'raw': 302, 'baseline': 295, 'level': 'normal'}",56.6,False,-74,27.3,2026-10-06T14:41:50.976129,sentinelx/esp-01/telemetry,2355
"{'buzzer': 'off', 'led': 'off'}",esp-01,"{'raw': 301, 'baseline': 295, 'level': 'normal'}",64.6,False,-75,27.3,2026-10-06T14:41:52.017890,sentinelx/esp-01/telemetry,2356
"{'buzzer': 'off', 'led': 'off'}",esp-01,"{'raw': 298, 'baseline': 296, 'level': 'normal'}",64.6,False,-77,27.3,2026-10-06T14:41:53.076060,sentinelx/esp-01/telemetry,2357
"{'buzzer': 'off', 'led': 'off'}",esp-01,"{'raw': 297, 'baseline': 296, 'level': 'normal'}",69.8,False,-78,27.3,2026-10-06T14:41:54.113960,sentinelx/esp-01/telemetry,2358
"{'buzzer': 'off', 'led': 'off'}",esp-01,"{'raw': 308, 'baseline': 296, 'level': 'normal'}",69.8,False,-74,27.3,2026-10-06T14:41:55.164666,sentinelx/esp-01/telemetry,2359
"{'buzzer': 'off', 'led': 'off'}",esp-01,"{'raw': 295, 'baseline': 296, 'level': 'normal'}",73.5,False,-73,27.3,2026-10-06T14:41:56.216874,sentinelx/esp-01/telemetry,2360
"{'buzzer': 'off', 'led': 'off'}",esp-01,"{'raw': 292, 'baseline': 296, 'level': 'normal'}",73.5,False,-73,27.3,2026-10-06T14:41:57.266857,sentinelx/esp-01/telemetry,2361
"{'buzzer': 'off', 'led': 'off'}",esp-01,"{'raw': 290, 'baseline': 295, 'level': 'normal'}",76.5,False,-73,27.3,2026-10-06T14:41:58.314820,sentinelx/esp-01/telemetry,2362
"{'buzzer': 'off', 'led': 'off'}",esp-01,"{'raw': 288, 'baseline': 294, 'level': 'normal'}",76.5,False,-75,27.3,2026-10-06T14:41:59.367776,sentinelx/esp-01/telemetry,2363
"{'buzzer': 'off', 'led': 'off'}",esp-01,"{'raw': 286, 'baseline': 293, 'level': 'normal'}",78.6,False,-75,27.4,2026-10-06T14:42:00.416543,sentinelx/esp-01/telemetry,2364
"{'buzzer': 'off', 'led': 'off'}",esp-01,"{'raw': 288, 'baseline': 293, 'level': 'normal'}",78.6,False,-77,27.4,2026-10-06T14:42:01.472113,sentinelx/esp-01/telemetry,2365
"{'buzzer': 'off', 'led': 'off'}",esp-01,"{'raw': 288, 'baseline': 292, 'level': 'normal'}",79.7,False,-80,27.5,2026-10-06T14:42:02.521716,sentinelx/esp-01/telemetry,2366
"{'buzzer': 'off', 'led': 'off'}",esp-01,"{'raw': 286, 'baseline': 292, 'level': 'normal'}",79.7,False,-80,27.5,2026-10-06T14:42:03.576411,sentinelx/esp-01/telemetry,2367
"{'buzzer': 'off', 'led': 'off'}",esp-01,"{'raw': 284, 'baseline': 291, 'level': 'normal'}",80.5,False,-80,27.5,2026-10-06T14:42:04.622397,sentinelx/esp-01/telemetry,2368
"{'buzzer': 'off', 'led': 'off'}",esp-01,"{'raw': 283, 'baseline': 290, 'level': 'normal'}",80.5,False,-80,27.5,2026-10-06T14:42:05.671194,sentinelx/esp-01/telemetry,2369
"{'buzzer': 'off', 'led': 'off'}",esp-01,"{'raw': 283, 'baseline': 289, 'level': 'normal'}",81.2,False,-80,27.6,2026-10-06T14:42:06.724505,sentinelx/esp-01/telemetry,2370
"{'buzzer': 'off', 'led': 'off'}",esp-01,"{'raw': 282, 'baseline': 288, 'level': 'normal'}",81.2,False,-78,27.6,2026-10-06T14:42:07.811453,sentinelx/esp-01/telemetry,2371
"{'buzzer': 'off', 'led': 'off'}",esp-01,"{'raw': 282, 'baseline': 288, 'level': 'normal'}",81.5,False,-81,27.6,2026-10-06T14:42:08.824002,sentinelx/esp-01/telemetry,2372
"{'buzzer': 'off', 'led': 'off'}",esp-01,"{'raw': 282, 'baseline': 287, 'level': 'normal'}",81.5,False,-79,27.6,2026-10-06T14:42:09.874864,sentinelx/esp-01/telemetry,2373
"{'buzzer': 'off', 'led': 'off'}",esp-01,"{'raw': 282, 'baseline': 287, 'level': 'normal'}",81.1,False,-81,27.7,2026-10-06T14:42:10.933237,sentinelx/esp-01/telemetry,2374
"{'buzzer': 'off', 'led': 'off'}",esp-01,"{'raw': 282, 'baseline': 286, 'level': 'normal'}",81.1,False,-77,27.7,2026-10-06T14:42:11.998805,sentinelx/esp-01/telemetry,2375
"{'buzzer': 'off', 'led': 'off'}",esp-01,"{'raw': 281, 'baseline': 285, 'level': 'normal'}",77.8,False,-78,27.7,2026-10-06T14:42:13.031000,sentinelx/esp-01/telemetry,2376
"{'buzzer': 'off', 'led': 'off'}",esp-01,"{'raw': 281, 'baseline': 285, 'level': 'normal'}",77.8,False,-77,27.7,2026-10-06T14:42:14.080912,sentinelx/esp-01/telemetry,2377
"{'buzzer': 'off', 'led': 'off'}",esp-01,"{'raw': 281, 'baseline': 285, 'level': 'normal'}",72.7,False,-77,27.7,2026-10-06T14:42:15.134633,sentinelx/esp-01/telemetry,2378
"{'buzzer': 'off', 'led': 'off'}",esp-01,"{'raw': 280, 'baseline': 284, 'level': 'normal'}",72.7,True,-78,27.7,2026-10-06T14:42:14.632349,sentinelx/esp-01/telemetry,2379
"{'buzzer': 'off', 'led': 'off'}",esp-01,"{'raw': 280, 'baseline': 284, 'level': 'normal'}",68.2,True,-78,27.7,2026-10-06T14:42:15.680883,sentinelx/esp-01/telemetry,2380
"{'buzzer': 'off', 'led': 'off'}",esp-01,"{'raw': 454, 'baseline': 284, 'level': 'eleve'}",68.2,True,-76,27.7,2026-10-06T14:42:16.734254,sentinelx/esp-01/telemetry,2381
"{'buzzer': 'off', 'led': 'off'}",esp-01,"{'raw': 665, 'baseline': 284, 'level': 'alerte'}",64.5,True,-76,27.7,2026-10-06T14:42:17.781659,sentinelx/esp-01/telemetry,2382
"{'buzzer': 'off', 'led': 'off'}",esp-01,"{'raw': 885, 'baseline': 284, 'level': 'alerte'}",64.5,True,-76,27.7,2026-10-06T14:42:18.836215,sentinelx/esp-01/telemetry,2383
"{'buzzer': 'off', 'led': 'off'}",esp-01,"{'raw': 1000, 'baseline': 284, 'level': 'alerte'}",61.8,True,-75,27.7,2026-10-06T14:42:19.886705,sentinelx/esp-01/telemetry,2384
"{'buzzer': 'off', 'led': 'off'}",esp-01,"{'raw': 1017, 'baseline': 284, 'level': 'alerte'}",61.8,False,-74,27.7,2026-10-06T14:42:20.935899,sentinelx/esp-01/telemetry,2385
"{'buzzer': 'off', 'led': 'off'}",esp-01,"{'raw': 874, 'baseline': 284, 'level': 'alerte'}",59.6,False,-74,27.7,2026-10-06T14:42:21.995608,sentinelx/esp-01/telemetry,2386
"{'buzzer': 'off', 'led': 'off'}",esp-01,"{'raw': 962, 'baseline': 284, 'level': 'alerte'}",59.6,False,-74,27.7,2026-10-06T14:42:23.041278,sentinelx/esp-01/telemetry,2387
"{'buzzer': 'off', 'led': 'off'}",esp-01,"{'raw': 1003, 'baseline': 284, 'level': 'alerte'}",57.5,False,-75,27.7,2026-10-06T14:42:24.096707,sentinelx/esp-01/telemetry,2388
"{'buzzer': 'off', 'led': 'off'}",esp-01,"{'raw': 858, 'baseline': 284, 'level': 'alerte'}",57.5,False,-75,27.7,2026-10-06T14:42:25.137638,sentinelx/esp-01/telemetry,2389
"{'buzzer': 'off', 'led': 'off'}",esp-01,"{'raw': 740, 'baseline': 284, 'level': 'alerte'}",55.7,False,-77,27.7,2026-10-06T14:42:26.192383,sentinelx/esp-01/telemetry,2390
"{'buzzer': 'off', 'led': 'off'}",esp-01,"{'raw': 650, 'baseline': 284, 'level': 'alerte'}",55.7,False,-78,27.7,2026-10-06T14:42:27.260621,sentinelx/esp-01/telemetry,2391
"{'buzzer': 'off', 'led': 'off'}",esp-01,"{'raw': 585, 'baseline': 284, 'level': 'alerte'}",54.3,False,-78,27.7,2026-10-06T14:42:28.293033,sentinelx/esp-01/telemetry,2392
"{'buzzer': 'off', 'led': 'off'}",esp-01,"{'raw': 544, 'baseline': 285, 'level': 'eleve'}",54.3,False,-78,27.7,2026-10-06T14:42:29.342791,sentinelx/esp-01/telemetry,2393
"{'buzzer': 'off', 'led': 'off'}",esp-01,"{'raw': 527, 'baseline': 286, 'level': 'eleve'}",53.4,False,-78,27.7,2026-10-06T14:42:30.395210,sentinelx/esp-01/telemetry,2394
"{'buzzer': 'off', 'led': 'off'}",esp-01,"{'raw': 525, 'baseline': 286, 'level': 'eleve'}",53.4,False,-78,27.7,2026-10-06T14:42:31.445723,sentinelx/esp-01/telemetry,2395
"{'buzzer': 'off', 'led': 'off'}",esp-01,"{'raw': 515, 'baseline': 287, 'level': 'eleve'}",52.7,False,-78,27.7,2026-10-06T14:42:32.504650,sentinelx/esp-01/telemetry,2396
"{'buzzer': 'off', 'led': 'off'}",esp-01,"{'raw': 508, 'baseline': 288, 'level': 'eleve'}",52.7,False,-76,27.7,2026-10-06T14:42:33.564062,sentinelx/esp-01/telemetry,2397
"{'buzzer': 'off', 'led': 'off'}",esp-01,"{'raw': 491, 'baseline': 288, 'level': 'eleve'}",52.1,False,-79,27.7,2026-10-06T14:42:34.607392,sentinelx/esp-01/telemetry,2398
"{'buzzer': 'off', 'led': 'off'}",esp-01,"{'raw': 470, 'baseline': 289, 'level': 'eleve'}",52.1,False,-72,27.7,2026-10-06T14:42:35.648487,sentinelx/esp-01/telemetry,2399
"{'buzzer': 'off', 'led': 'off'}",esp-01,"{'raw': 449, 'baseline': 289, 'level': 'eleve'}",51.7,False,-79,27.7,2026-10-06T14:42:36.704637,sentinelx/esp-01/telemetry,2400
"{'buzzer': 'off', 'led': 'off'}",esp-01,"{'raw': 433, 'baseline': 290, 'level': 'eleve'}",51.7,False,-72,27.7,2026-10-06T14:42:37.757289,sentinelx/esp-01/telemetry,2401
"{'buzzer': 'off', 'led': 'off'}",esp-01,"{'raw': 419, 'baseline': 290, 'level': 'eleve'}",51.4,False,-70,27.7,2026-10-06T14:42:38.807663,sentinelx/esp-01/telemetry,2402
"{'buzzer': 'off', 'led': 'off'}",esp-01,"{'raw': 422, 'baseline': 290, 'level': 'eleve'}",51.4,False,-70,27.7,2026-10-06T14:42:39.854468,sentinelx/esp-01/telemetry,2403
"{'buzzer': 'off', 'led': 'off'}",esp-01,"{'raw': 425, 'baseline': 291, 'level': 'eleve'}",50.9,False,-69,27.7,2026-10-06T14:42:40.910715,sentinelx/esp-01/telemetry,2404
"{'buzzer': 'off', 'led': 'off'}",esp-01,"{'raw': 419, 'baseline': 291, 'level': 'eleve'}",50.9,False,-68,27.7,2026-10-06T14:42:41.958785,sentinelx/esp-01/telemetry,2405
"{'buzzer': 'off', 'led': 'off'}",esp-01,"{'raw': 414, 'baseline': 292, 'level': 'eleve'}",50.5,False,-68,27.7,2026-10-06T14:42:43.010078,sentinelx/esp-01/telemetry,2406
"{'buzzer': 'off', 'led': 'off'}",esp-01,"{'raw': 414, 'baseline': 292, 'level': 'eleve'}",50.5,False,-74,27.7,2026-10-06T14:42:44.080525,sentinelx/esp-01/telemetry,2407
"{'buzzer': 'off', 'led': 'off'}",esp-01,"{'raw': 412, 'baseline': 292, 'level': 'normal'}",50.1,False,-78,27.7,2026-10-06T14:42:45.134977,sentinelx/esp-01/telemetry,2408
"{'buzzer': 'off', 'led': 'off'}",esp-01,"{'raw': 404, 'baseline': 293, 'level': 'normal'}",50.1,False,-84,27.7,2026-10-06T14:42:46.175088,sentinelx/esp-01/telemetry,2409
"{'buzzer': 'off', 'led': 'off'}",esp-01,"{'raw': 395, 'baseline': 293, 'level': 'normal'}",49.8,False,-79,27.7,2026-10-06T14:42:45.661758,sentinelx/esp-01/telemetry,2410
"{'buzzer': 'off', 'led': 'off'}",esp-01,"{'raw': 388, 'baseline': 293, 'level': 'normal'}",49.8,False,-77,27.7,2026-10-06T14:42:46.703551,sentinelx/esp-01/telemetry,2411
"{'buzzer': 'off', 'led': 'off'}",esp-01,"{'raw': 382, 'baseline': 294, 'level': 'normal'}",49.5,False,-75,27.7,2026-10-06T14:42:47.763509,sentinelx/esp-01/telemetry,2412
"{'buzzer': 'off', 'led': 'off'}",esp-01,"{'raw': 378, 'baseline': 294, 'level': 'normal'}",49.5,False,-76,27.7,2026-10-06T14:42:48.804101,sentinelx/esp-01/telemetry,2413
"{'buzzer': 'off', 'led': 'off'}",esp-01,"{'raw': 378, 'baseline': 294, 'level': 'normal'}",49.2,False,-76,27.7,2026-10-06T14:42:49.869683,sentinelx/esp-01/telemetry,2414
"{'buzzer': 'off', 'led': 'off'}",esp-01,"{'raw': 376, 'baseline': 294, 'level': 'normal'}",49.2,False,-79,27.7,2026-10-06T14:42:50.917851,sentinelx/esp-01/telemetry,2415
"{'buzzer': 'off', 'led': 'off'}",esp-01,"{'raw': 376, 'baseline': 295, 'level': 'normal'}",49.0,False,-78,27.7,2026-10-06T14:42:51.956204,sentinelx/esp-01/telemetry,2416
"{'buzzer': 'off', 'led': 'off'}",esp-01,"{'raw': 375, 'baseline': 295, 'level': 'normal'}",49.0,False,-78,27.7,2026-10-06T14:42:53.009537,sentinelx/esp-01/telemetry,2417
"{'buzzer': 'off', 'led': 'off'}",esp-01,"{'raw': 374, 'baseline': 295, 'level': 'normal'}",48.8,False,-77,27.7,2026-10-06T14:42:54.060134,sentinelx/esp-01/telemetry,2418
"{'buzzer': 'off', 'led': 'off'}",esp-01,"{'raw': 369, 'baseline': 299, 'level': 'normal'}",48.8,False,-75,27.7,2026-10-06T14:42:55.122449,sentinelx/esp-01/telemetry,2419
"{'buzzer': 'off', 'led': 'off'}",esp-01,"{'raw': 364, 'baseline': 302, 'level': 'normal'}",48.7,False,-75,27.7,2026-10-06T14:42:56.166288,sentinelx/esp-01/telemetry,2420
"{'buzzer': 'off', 'led': 'off'}",esp-01,"{'raw': 360, 'baseline': 305, 'level': 'normal'}",48.7,False,-75,27.7,2026-10-06T14:42:57.212749,sentinelx/esp-01/telemetry,2421
"{'buzzer': 'off', 'led': 'off'}",esp-01,"{'raw': 356, 'baseline': 307, 'level': 'normal'}",48.5,False,-75,27.7,2026-10-06T14:42:58.271052,sentinelx/esp-01/telemetry,2422
"{'buzzer': 'off', 'led': 'off'}",esp-01,"{'raw': 353, 'baseline': 310, 'level': 'normal'}",48.5,False,-75,27.7,2026-10-06T14:42:59.312996,sentinelx/esp-01/telemetry,2423
"{'buzzer': 'off', 'led': 'off'}",esp-01,"{'raw': 350, 'baseline': 312, 'level': 'normal'}",48.4,False,-76,27.6,2026-10-06T14:43:00.373092,sentinelx/esp-01/telemetry,2424
"{'buzzer': 'off', 'led': 'off'}",esp-01,"{'raw': 348, 'baseline': 313, 'level': 'normal'}",48.4,False,-75,27.6,2026-10-06T14:43:01.416236,sentinelx/esp-01/telemetry,2425
"{'buzzer': 'off', 'led': 'off'}",esp-01,"{'raw': 346, 'baseline': 315, 'level': 'normal'}",48.3,False,-75,27.7,2026-10-06T14:43:02.476824,sentinelx/esp-01/telemetry,2426
"{'buzzer': 'off', 'led': 'off'}",esp-01,"{'raw': 344, 'baseline': 316, 'level': 'normal'}",48.3,False,-76,27.7,2026-10-06T14:43:03.535353,sentinelx/esp-01/telemetry,2427
"{'buzzer': 'off', 'led': 'off'}",esp-01,"{'raw': 343, 'baseline': 318, 'level': 'normal'}",48.2,False,-76,27.6,2026-10-06T14:43:04.587042,sentinelx/esp-01/telemetry,2428
"{'buzzer': 'off', 'led': 'off'}",esp-01,"{'raw': 342, 'baseline': 319, 'level': 'normal'}",48.2,False,-76,27.6,2026-10-06T14:43:05.636478,sentinelx/esp-01/telemetry,2429
"{'buzzer': 'off', 'led': 'off'}",esp-01,"{'raw': 340, 'baseline': 320, 'level': 'normal'}",48.2,False,-76,27.6,2026-10-06T14:43:06.676573,sentinelx/esp-01/telemetry,2430
"{'buzzer': 'off', 'led': 'off'}",esp-01,"{'raw': 339, 'baseline': 321, 'level': 'normal'}",48.2,False,-76,27.6,2026-10-06T14:43:07.732500,sentinelx/esp-01/telemetry,2431
"{'buzzer': 'off', 'led': 'off'}",esp-01,"{'raw': 339, 'baseline': 322, 'level': 'normal'}",48.1,False,-76,27.6,2026-10-06T14:43:08.776156,sentinelx/esp-01/telemetry,2432
"{'buzzer': 'off', 'led': 'off'}",esp-01,"{'raw': 338, 'baseline': 323, 'level': 'normal'}",48.1,False,-76,27.6,2026-10-06T14:43:09.828082,sentinelx/esp-01/telemetry,2433
"{'buzzer': 'off', 'led': 'off'}",esp-01,"{'raw': 337, 'baseline': 323, 'level': 'normal'}",48.1,False,-76,27.5,2026-10-06T14:43:10.880698,sentinelx/esp-01/telemetry,2434
"{'buzzer': 'off', 'led': 'off'}",esp-01,"{'raw': 336, 'baseline': 324, 'level': 'normal'}",48.1,False,-76,27.5,2026-10-06T14:43:11.944968,sentinelx/esp-01/telemetry,2435
"{'buzzer': 'off', 'led': 'off'}",esp-01,"{'raw': 335, 'baseline': 324, 'level': 'normal'}",48.1,False,-76,27.5,2026-10-06T14:43:12.983149,sentinelx/esp-01/telemetry,2436
"{'buzzer': 'off', 'led': 'off'}",esp-01,"{'raw': 334, 'baseline': 325, 'level': 'normal'}",48.1,False,-76,27.5,2026-10-06T14:43:14.033483,sentinelx/esp-01/telemetry,2437
"{'buzzer': 'off', 'led': 'off'}",esp-01,"{'raw': 333, 'baseline': 325, 'level': 'normal'}",48.0,False,-76,27.5,2026-10-06T14:43:15.093461,sentinelx/esp-01/telemetry,2438
"{'buzzer': 'off', 'led': 'off'}",esp-01,"{'raw': 332, 'baseline': 326, 'level': 'normal'}",48.0,False,-76,27.5,2026-10-06T14:43:16.138693,sentinelx/esp-01/telemetry,2439
"{'buzzer': 'off', 'led': 'off'}",esp-01,"{'raw': 330, 'baseline': 326, 'level': 'normal'}",48.0,False,-76,27.5,2026-10-06T14:43:17.195082,sentinelx/esp-01/telemetry,2440
"{'buzzer': 'off', 'led': 'off'}",esp-01,"{'raw': 330, 'baseline': 326, 'level': 'normal'}",48.0,False,-76,27.5,2026-10-06T14:43:16.664600,sentinelx/esp-01/telemetry,2441
"{'buzzer': 'off', 'led': 'off'}",esp-01,"{'raw': 329, 'baseline': 326, 'level': 'normal'}",48.0,False,-76,27.5,2026-10-06T14:43:17.712535,sentinelx/esp-01/telemetry,2442
"{'buzzer': 'off', 'led': 'off'}",esp-01,"{'raw': 329, 'baseline': 326, 'level': 'normal'}",48.0,False,-76,27.5,2026-10-06T14:43:18.778722,sentinelx/esp-01/telemetry,2443
"{'buzzer': 'off', 'led': 'off'}",esp-01,"{'raw': 329, 'baseline': 326, 'level': 'normal'}",47.9,False,-76,27.5,2026-10-06T14:43:19.818474,sentinelx/esp-01/telemetry,2444
"{'buzzer': 'off', 'led': 'off'}",esp-01,"{'raw': 328, 'baseline': 326, 'level': 'normal'}",47.9,False,-76,27.5,2026-10-06T14:43:20.869074,sentinelx/esp-01/telemetry,2445
"{'buzzer': 'off', 'led': 'off'}",esp-01,"{'raw': 328, 'baseline': 326, 'level': 'normal'}",47.9,False,-76,27.5,2026-10-06T14:43:21.919253,sentinelx/esp-01/telemetry,2446
"{'buzzer': 'off', 'led': 'off'}",esp-01,"{'raw': 328, 'baseline': 326, 'level': 'normal'}",47.9,False,-76,27.5,2026-10-06T14:43:22.971754,sentinelx/esp-01/telemetry,2447
"{'buzzer': 'off', 'led': 'off'}",esp-01,"{'raw': 328, 'baseline': 327, 'level': 'normal'}",47.9,False,-76,27.5,2026-10-06T14:43:24.019942,sentinelx/esp-01/telemetry,2448
"{'buzzer': 'off', 'led': 'off'}",esp-01,"{'raw': 327, 'baseline': 327, 'level': 'normal'}",47.9,False,-77,27.5,2026-10-06T14:43:25.075495,sentinelx/esp-01/telemetry,2449
"{'buzzer': 'off', 'led': 'off'}",esp-01,"{'raw': 327, 'baseline': 327, 'level': 'normal'}",47.8,False,-75,27.5,2026-10-06T14:43:26.125696,sentinelx/esp-01/telemetry,2450
"{'buzzer': 'off', 'led': 'off'}",esp-01,"{'raw': 326, 'baseline': 326, 'level': 'normal'}",47.8,False,-74,27.5,2026-10-06T14:43:27.177791,sentinelx/esp-01/telemetry,2451
"{'buzzer': 'off', 'led': 'off'}",esp-01,"{'raw': 326, 'baseline': 326, 'level': 'normal'}",47.8,False,-74,27.5,2026-10-06T14:43:32.883649,sentinelx/esp-01/telemetry,2452
"{'buzzer': 'off', 'led': 'off'}",esp-01,"{'raw': 326, 'baseline': 326, 'level': 'normal'}",47.8,False,-74,27.5,2026-10-06T14:43:32.955178,sentinelx/esp-01/telemetry,2453
"{'buzzer': 'off', 'led': 'off'}",esp-01,"{'raw': 325, 'baseline': 326, 'level': 'normal'}",47.8,False,-74,27.5,2026-10-06T14:43:32.960797,sentinelx/esp-01/telemetry,2454
"{'buzzer': 'off', 'led': 'off'}",esp-01,"{'raw': 325, 'baseline': 326, 'level': 'normal'}",47.8,False,-74,27.5,2026-10-06T14:43:32.968457,sentinelx/esp-01/telemetry,2455
"{'buzzer': 'off', 'led': 'off'}",esp-01,"{'raw': 324, 'baseline': 326, 'level': 'normal'}",47.7,False,-74,27.5,2026-10-06T14:43:32.969047,sentinelx/esp-01/telemetry,2456
"{'buzzer': 'off', 'led': 'off'}",esp-01,"{'raw': 323, 'baseline': 325, 'level': 'normal'}",47.7,False,-74,27.5,2026-10-06T14:43:33.493073,sentinelx/esp-01/telemetry,2457
"{'buzzer': 'off', 'led': 'off'}",esp-01,"{'raw': 321, 'baseline': 325, 'level': 'normal'}",47.7,False,-74,27.4,2026-10-06T14:43:34.547797,sentinelx/esp-01/telemetry,2458
"{'buzzer': 'off', 'led': 'off'}",esp-01,"{'raw': 321, 'baseline': 324, 'level': 'normal'}",47.7,False,-73,27.4,2026-10-06T14:43:35.596361,sentinelx/esp-01/telemetry,2459
"{'buzzer': 'off', 'led': 'off'}",esp-01,"{'raw': 320, 'baseline': 324, 'level': 'normal'}",47.7,False,-73,27.4,2026-10-06T14:43:36.650791,sentinelx/esp-01/telemetry,2460
"{'buzzer': 'off', 'led': 'off'}",esp-01,"{'raw': 320, 'baseline': 323, 'level': 'normal'}",47.7,False,-74,27.4,2026-10-06T14:43:37.700840,sentinelx/esp-01/telemetry,2461
"{'buzzer': 'off', 'led': 'off'}",esp-01,"{'raw': 319, 'baseline': 323, 'level': 'normal'}",47.7,False,-74,27.4,2026-10-06T14:43:38.751455,sentinelx/esp-01/telemetry,2462
"{'buzzer': 'off', 'led': 'off'}",esp-01,"{'raw': 319, 'baseline': 323, 'level': 'normal'}",47.7,False,-74,27.4,2026-10-06T14:43:39.801539,sentinelx/esp-01/telemetry,2463
"{'buzzer': 'off', 'led': 'off'}",esp-01,"{'raw': 319, 'baseline': 322, 'level': 'normal'}",47.8,False,-74,27.4,2026-10-06T14:43:40.854028,sentinelx/esp-01/telemetry,2464
"{'buzzer': 'off', 'led': 'off'}",esp-01,"{'raw': 318, 'baseline': 322, 'level': 'normal'}",47.8,False,-74,27.4,2026-10-06T14:43:41.908820,sentinelx/esp-01/telemetry,2465
"{'buzzer': 'off', 'led': 'off'}",esp-01,"{'raw': 318, 'baseline': 321, 'level': 'normal'}",47.8,False,-74,27.4,2026-10-06T14:43:42.957304,sentinelx/esp-01/telemetry,2466
"{'buzzer': 'off', 'led': 'off'}",esp-01,"{'raw': 317, 'baseline': 321, 'level': 'normal'}",47.8,False,-74,27.4,2026-10-06T14:43:44.007812,sentinelx/esp-01/telemetry,2467
"{'buzzer': 'off', 'led': 'off'}",esp-01,"{'raw': 317, 'baseline': 320, 'level': 'normal'}",47.8,False,-74,27.4,2026-10-06T14:43:45.060670,sentinelx/esp-01/telemetry,2468
"{'buzzer': 'off', 'led': 'off'}",esp-01,"{'raw': 316, 'baseline': 320, 'level': 'normal'}",47.8,False,-75,27.4,2026-10-06T14:43:46.132119,sentinelx/esp-01/telemetry,2469
"{'buzzer': 'off', 'led': 'off'}",esp-01,"{'raw': 316, 'baseline': 319, 'level': 'normal'}",47.8,False,-74,27.3,2026-10-06T14:43:47.166171,sentinelx/esp-01/telemetry,2470
"{'buzzer': 'off', 'led': 'off'}",esp-01,"{'raw': 315, 'baseline': 319, 'level': 'normal'}",47.8,False,-75,27.3,2026-10-06T14:43:48.228121,sentinelx/esp-01/telemetry,2471
"{'buzzer': 'off', 'led': 'off'}",esp-01,"{'raw': 315, 'baseline': 318, 'level': 'normal'}",47.8,False,-76,27.3,2026-10-06T14:43:49.268316,sentinelx/esp-01/telemetry,2472
"{'buzzer': 'off', 'led': 'off'}",esp-01,"{'raw': 315, 'baseline': 318, 'level': 'normal'}",47.8,False,-76,27.3,2026-10-06T14:43:50.319375,sentinelx/esp-01/telemetry,2473
"{'buzzer': 'off', 'led': 'off'}",esp-01,"{'raw': 314, 'baseline': 318, 'level': 'normal'}",47.8,False,-76,27.3,2026-10-06T14:43:51.371460,sentinelx/esp-01/telemetry,2474
"{'buzzer': 'off', 'led': 'off'}",esp-01,"{'raw': 314, 'baseline': 317, 'level': 'normal'}",47.8,False,-76,27.3,2026-10-06T14:43:52.447184,sentinelx/esp-01/telemetry,2475
"{'buzzer': 'off', 'led': 'off'}",esp-01,"{'raw': 314, 'baseline': 317, 'level': 'normal'}",47.8,False,-75,27.3,2026-10-06T14:43:53.474999,sentinelx/esp-01/telemetry,2476
"{'buzzer': 'off', 'led': 'off'}",esp-01,"{'raw': 313, 'baseline': 316, 'level': 'normal'}",47.8,False,-75,27.3,2026-10-06T14:43:54.528757,sentinelx/esp-01/telemetry,2477
"{'buzzer': 'off', 'led': 'off'}",esp-01,"{'raw': 313, 'baseline': 316, 'level': 'normal'}",47.9,False,-75,27.3,2026-10-06T14:43:55.574505,sentinelx/esp-01/telemetry,2478
"{'buzzer': 'off', 'led': 'off'}",esp-01,"{'raw': 312, 'baseline': 316, 'level': 'normal'}",47.9,False,-75,27.3,2026-10-06T14:43:56.628671,sentinelx/esp-01/telemetry,2479
"{'buzzer': 'off', 'led': 'off'}",esp-01,"{'raw': 312, 'baseline': 315, 'level': 'normal'}",47.9,False,-75,27.3,2026-10-06T14:43:57.679087,sentinelx/esp-01/telemetry,2480
"{'buzzer': 'off', 'led': 'off'}",esp-01,"{'raw': 310, 'baseline': 315, 'level': 'normal'}",47.9,False,-75,27.3,2026-10-06T14:43:58.731750,sentinelx/esp-01/telemetry,2481
"{'buzzer': 'off', 'led': 'off'}",esp-01,"{'raw': 311, 'baseline': 314, 'level': 'normal'}",47.9,False,-75,27.3,2026-10-06T14:43:59.781888,sentinelx/esp-01/telemetry,2482
"{'buzzer': 'off', 'led': 'off'}",esp-01,"{'raw': 310, 'baseline': 314, 'level': 'normal'}",47.9,False,-75,27.3,2026-10-06T14:44:00.830151,sentinelx/esp-01/telemetry,2483
"{'buzzer': 'off', 'led': 'off'}",esp-01,"{'raw': 310, 'baseline': 313, 'level': 'normal'}",47.9,False,-75,27.3,2026-10-06T14:44:01.879779,sentinelx/esp-01/telemetry,2484
"{'buzzer': 'off', 'led': 'off'}",esp-01,"{'raw': 309, 'baseline': 313, 'level': 'normal'}",47.9,False,-76,27.3,2026-10-06T14:44:02.936502,sentinelx/esp-01/telemetry,2485
"{'buzzer': 'off', 'led': 'off'}",esp-01,"{'raw': 309, 'baseline': 312, 'level': 'normal'}",47.9,False,-80,27.2,2026-10-06T14:44:01.657772,sentinelx/esp-01/telemetry,2486
"{'buzzer': 'off', 'led': 'off'}",esp-01,"{'raw': 309, 'baseline': 312, 'level': 'normal'}",47.9,False,-75,27.2,2026-10-06T14:44:02.706739,sentinelx/esp-01/telemetry,2487
"{'buzzer': 'off', 'led': 'off'}",esp-01,"{'raw': 309, 'baseline': 312, 'level': 'normal'}",48.0,False,-76,27.2,2026-10-06T14:44:03.760186,sentinelx/esp-01/telemetry,2488
"{'buzzer': 'off', 'led': 'off'}",esp-01,"{'raw': 308, 'baseline': 311, 'level': 'normal'}",48.0,False,-73,27.2,2026-10-06T14:44:04.806860,sentinelx/esp-01/telemetry,2489
"{'buzzer': 'off', 'led': 'off'}",esp-01,"{'raw': 308, 'baseline': 311, 'level': 'normal'}",48.0,False,-75,27.2,2026-10-06T14:44:05.859483,sentinelx/esp-01/telemetry,2490
"{'buzzer': 'off', 'led': 'off'}",esp-01,"{'raw': 308, 'baseline': 311, 'level': 'normal'}",48.0,False,-75,27.2,2026-10-06T14:44:06.925504,sentinelx/esp-01/telemetry,2491
"{'buzzer': 'off', 'led': 'off'}",esp-01,"{'raw': 308, 'baseline': 310, 'level': 'normal'}",48.0,False,-75,27.2,2026-10-06T14:44:07.986645,sentinelx/esp-01/telemetry,2492
"{'buzzer': 'off', 'led': 'off'}",esp-01,"{'raw': 308, 'baseline': 310, 'level': 'normal'}",48.0,False,-75,27.2,2026-10-06T14:44:09.019560,sentinelx/esp-01/telemetry,2493
"{'buzzer': 'off', 'led': 'off'}",esp-01,"{'raw': 307, 'baseline': 310, 'level': 'normal'}",48.0,False,-75,27.2,2026-10-06T14:44:10.063828,sentinelx/esp-01/telemetry,2494
"{'buzzer': 'off', 'led': 'off'}",esp-01,"{'raw': 307, 'baseline': 309, 'level': 'normal'}",48.0,False,-74,27.2,2026-10-06T14:44:11.119160,sentinelx/esp-01/telemetry,2495
"{'buzzer': 'off', 'led': 'off'}",esp-01,"{'raw': 307, 'baseline': 309, 'level': 'normal'}",48.0,False,-74,27.2,2026-10-06T14:44:12.177058,sentinelx/esp-01/telemetry,2496
"{'buzzer': 'off', 'led': 'off'}",esp-01,"{'raw': 307, 'baseline': 309, 'level': 'normal'}",48.0,False,-74,27.2,2026-10-06T14:44:13.213271,sentinelx/esp-01/telemetry,2497
"{'buzzer': 'off', 'led': 'off'}",esp-01,"{'raw': 307, 'baseline': 309, 'level': 'normal'}",48.1,False,-74,27.2,2026-10-06T14:44:14.265260,sentinelx/esp-01/telemetry,2498
"{'buzzer': 'off', 'led': 'off'}",esp-01,"{'raw': 306, 'baseline': 308, 'level': 'normal'}",48.1,False,-74,27.2,2026-10-06T14:44:15.318764,sentinelx/esp-01/telemetry,2499
"{'buzzer': 'off', 'led': 'off'}",esp-01,"{'raw': 306, 'baseline': 308, 'level': 'normal'}",48.1,False,-74,27.1,2026-10-06T14:44:16.370177,sentinelx/esp-01/telemetry,2500
"{'buzzer': 'off', 'led': 'off'}",esp-01,"{'raw': 306, 'baseline': 308, 'level': 'normal'}",48.1,False,-74,27.1,2026-10-06T14:44:17.418143,sentinelx/esp-01/telemetry,2501
"{'buzzer': 'off', 'led': 'off'}",esp-01,"{'raw': 306, 'baseline': 307, 'level': 'normal'}",48.2,False,-74,27.1,2026-10-06T14:44:18.470396,sentinelx/esp-01/telemetry,2502
"{'buzzer': 'off', 'led': 'off'}",esp-01,"{'raw': 305, 'baseline': 307, 'level': 'normal'}",48.2,False,-74,27.1,2026-10-06T14:44:19.527832,sentinelx/esp-01/telemetry,2503
"{'buzzer': 'off', 'led': 'off'}",esp-01,"{'raw': 305, 'baseline': 307, 'level': 'normal'}",48.2,False,-74,27.1,2026-10-06T14:44:20.577555,sentinelx/esp-01/telemetry,2504
"{'buzzer': 'off', 'led': 'off'}",esp-01,"{'raw': 305, 'baseline': 307, 'level': 'normal'}",48.2,False,-75,27.1,2026-10-06T14:44:21.623355,sentinelx/esp-01/telemetry,2505
"{'buzzer': 'off', 'led': 'off'}",esp-01,"{'raw': 305, 'baseline': 306, 'level': 'normal'}",48.2,False,-75,27.1,2026-10-06T14:44:22.672622,sentinelx/esp-01/telemetry,2506
"{'buzzer': 'off', 'led': 'off'}",esp-01,"{'raw': 304, 'baseline': 306, 'level': 'normal'}",48.2,False,-74,27.1,2026-10-06T14:44:23.726227,sentinelx/esp-01/telemetry,2507
"{'buzzer': 'off', 'led': 'off'}",esp-01,"{'raw': 305, 'baseline': 306, 'level': 'normal'}",48.2,False,-74,27.1,2026-10-06T14:44:24.775214,sentinelx/esp-01/telemetry,2508
"{'buzzer': 'off', 'led': 'off'}",esp-01,"{'raw': 304, 'baseline': 306, 'level': 'normal'}",48.2,False,-74,27.1,2026-10-06T14:44:25.833550,sentinelx/esp-01/telemetry,2509
"{'buzzer': 'off', 'led': 'off'}",esp-01,"{'raw': 304, 'baseline': 306, 'level': 'normal'}",48.2,False,-74,27.1,2026-10-06T14:44:26.893727,sentinelx/esp-01/telemetry,2510
"{'buzzer': 'off', 'led': 'off'}",esp-01,"{'raw': 303, 'baseline': 305, 'level': 'normal'}",48.2,False,-73,27.1,2026-10-06T14:44:27.927057,sentinelx/esp-01/telemetry,2511
"{'buzzer': 'off', 'led': 'off'}",esp-01,"{'raw': 303, 'baseline': 305, 'level': 'normal'}",48.2,False,-73,27.1,2026-10-06T14:44:28.979286,sentinelx/esp-01/telemetry,2512
"{'buzzer': 'off', 'led': 'off'}",esp-01,"{'raw': 303, 'baseline': 305, 'level': 'normal'}",48.2,False,-73,27.1,2026-10-06T14:44:30.029084,sentinelx/esp-01/telemetry,2513
"{'buzzer': 'off', 'led': 'off'}",esp-01,"{'raw': 302, 'baseline': 304, 'level': 'normal'}",48.2,False,-74,27.1,2026-10-06T14:44:31.082290,sentinelx/esp-01/telemetry,2514
"{'buzzer': 'off', 'led': 'off'}",esp-01,"{'raw': 302, 'baseline': 304, 'level': 'normal'}",48.2,False,-74,27.1,2026-10-06T14:44:32.130702,sentinelx/esp-01/telemetry,2515
"{'buzzer': 'off', 'led': 'off'}",esp-01,"{'raw': 302, 'baseline': 304, 'level': 'normal'}",48.2,False,-74,27.0,2026-10-06T14:44:33.184348,sentinelx/esp-01/telemetry,2516
"{'buzzer': 'off', 'led': 'off'}",esp-01,"{'raw': 302, 'baseline': 304, 'level': 'normal'}",48.2,False,-73,27.0,2026-10-06T14:44:32.670205,sentinelx/esp-01/telemetry,2517
"{'buzzer': 'off', 'led': 'off'}",esp-01,"{'raw': 301, 'baseline': 303, 'level': 'normal'}",48.3,False,-73,27.0,2026-10-06T14:44:33.724720,sentinelx/esp-01/telemetry,2518
"{'buzzer': 'off', 'led': 'off'}",esp-01,"{'raw': 301, 'baseline': 303, 'level': 'normal'}",48.3,False,-73,27.0,2026-10-06T14:44:34.772865,sentinelx/esp-01/telemetry,2519
"{'buzzer': 'off', 'led': 'off'}",esp-01,"{'raw': 301, 'baseline': 303, 'level': 'normal'}",48.3,False,-73,27.0,2026-10-06T14:44:35.825948,sentinelx/esp-01/telemetry,2520
"{'buzzer': 'off', 'led': 'off'}",esp-01,"{'raw': 301, 'baseline': 303, 'level': 'normal'}",48.3,False,-73,27.0,2026-10-06T14:44:36.875651,sentinelx/esp-01/telemetry,2521
"{'buzzer': 'off', 'led': 'off'}",esp-01,"{'raw': 301, 'baseline': 302, 'level': 'normal'}",48.3,False,-71,27.0,2026-10-06T14:44:37.927300,sentinelx/esp-01/telemetry,2522
"{'buzzer': 'off', 'led': 'off'}",esp-01,"{'raw': 301, 'baseline': 302, 'level': 'normal'}",48.3,False,-71,27.0,2026-10-06T14:44:38.976304,sentinelx/esp-01/telemetry,2523
"{'buzzer': 'off', 'led': 'off'}",esp-01,"{'raw': 300, 'baseline': 302, 'level': 'normal'}",48.4,False,-72,27.0,2026-10-06T14:44:40.033787,sentinelx/esp-01/telemetry,2524
"{'buzzer': 'off', 'led': 'off'}",esp-01,"{'raw': 300, 'baseline': 302, 'level': 'normal'}",48.4,False,-72,27.0,2026-10-06T14:44:41.086956,sentinelx/esp-01/telemetry,2525
"{'buzzer': 'off', 'led': 'off'}",esp-01,"{'raw': 300, 'baseline': 301, 'level': 'normal'}",48.4,False,-72,27.0,2026-10-06T14:44:42.130949,sentinelx/esp-01/telemetry,2526
"{'buzzer': 'off', 'led': 'off'}",esp-01,"{'raw': 300, 'baseline': 301, 'level': 'normal'}",48.4,False,-73,27.0,2026-10-06T14:44:43.180498,sentinelx/esp-01/telemetry,2527
"{'buzzer': 'off', 'led': 'off'}",esp-01,"{'raw': 300, 'baseline': 301, 'level': 'normal'}",48.4,False,-74,27.0,2026-10-06T14:44:44.231542,sentinelx/esp-01/telemetry,2528
"{'buzzer': 'off', 'led': 'off'}",esp-01,"{'raw': 300, 'baseline': 301, 'level': 'normal'}",48.4,False,-74,27.0,2026-10-06T14:44:45.284108,sentinelx/esp-01/telemetry,2529
"{'buzzer': 'off', 'led': 'off'}",esp-01,"{'raw': 299, 'baseline': 301, 'level': 'normal'}",48.5,False,-75,27.0,2026-10-06T14:44:46.335262,sentinelx/esp-01/telemetry,2530
"{'buzzer': 'off', 'led': 'off'}",esp-01,"{'raw': 298, 'baseline': 300, 'level': 'normal'}",48.5,False,-76,27.0,2026-10-06T14:44:47.389454,sentinelx/esp-01/telemetry,2531
"{'buzzer': 'off', 'led': 'off'}",esp-01,"{'raw': 298, 'baseline': 300, 'level': 'normal'}",48.5,False,-76,27.0,2026-10-06T14:44:48.440424,sentinelx/esp-01/telemetry,2532
"{'buzzer': 'off', 'led': 'off'}",esp-01,"{'raw': 298, 'baseline': 300, 'level': 'normal'}",48.5,False,-75,27.0,2026-10-06T14:44:49.491362,sentinelx/esp-01/telemetry,2533
"{'buzzer': 'off', 'led': 'off'}",esp-01,"{'raw': 297, 'baseline': 299, 'level': 'normal'}",48.5,False,-75,26.9,2026-10-06T14:44:50.539032,sentinelx/esp-01/telemetry,2534
"{'buzzer': 'off', 'led': 'off'}",esp-01,"{'raw': 297, 'baseline': 299, 'level': 'normal'}",48.5,False,-75,26.9,2026-10-06T14:44:51.587827,sentinelx/esp-01/telemetry,2535
"{'buzzer': 'off', 'led': 'off'}",esp-01,"{'raw': 297, 'baseline': 299, 'level': 'normal'}",48.5,False,-75,26.9,2026-10-06T14:44:52.640069,sentinelx/esp-01/telemetry,2536
"{'buzzer': 'off', 'led': 'off'}",esp-01,"{'raw': 297, 'baseline': 299, 'level': 'normal'}",48.5,False,-75,26.9,2026-10-06T14:44:53.692143,sentinelx/esp-01/telemetry,2537
"{'buzzer': 'off', 'led': 'off'}",esp-01,"{'raw': 297, 'baseline': 298, 'level': 'normal'}",48.6,False,-75,26.9,2026-10-06T14:44:54.747238,sentinelx/esp-01/telemetry,2538
"{'buzzer': 'off', 'led': 'off'}",esp-01,"{'raw': 297, 'baseline': 298, 'level': 'normal'}",48.6,False,-75,26.9,2026-10-06T14:44:55.806751,sentinelx/esp-01/telemetry,2539
"{'buzzer': 'off', 'led': 'off'}",esp-01,"{'raw': 296, 'baseline': 298, 'level': 'normal'}",48.6,False,-75,26.9,2026-10-06T14:44:56.845740,sentinelx/esp-01/telemetry,2540
"{'buzzer': 'off', 'led': 'off'}",esp-01,"{'raw': 296, 'baseline': 298, 'level': 'normal'}",48.6,False,-75,26.9,2026-10-06T14:44:57.902179,sentinelx/esp-01/telemetry,2541
"{'buzzer': 'off', 'led': 'off'}",esp-01,"{'raw': 296, 'baseline': 298, 'level': 'normal'}",48.6,False,-75,26.9,2026-10-06T14:44:58.949592,sentinelx/esp-01/telemetry,2542
"{'buzzer': 'off', 'led': 'off'}",esp-01,"{'raw': 296, 'baseline': 297, 'level': 'normal'}",48.6,False,-74,26.9,2026-10-06T14:45:00.002175,sentinelx/esp-01/telemetry,2543
"{'buzzer': 'off', 'led': 'off'}",esp-01,"{'raw': 296, 'baseline': 297, 'level': 'normal'}",48.6,False,-74,26.9,2026-10-06T14:45:01.052533,sentinelx/esp-01/telemetry,2544
"{'buzzer': 'off', 'led': 'off'}",esp-01,"{'raw': 296, 'baseline': 297, 'level': 'normal'}",48.6,False,-73,26.9,2026-10-06T14:45:02.106028,sentinelx/esp-01/telemetry,2545
"{'buzzer': 'off', 'led': 'off'}",esp-01,"{'raw': 296, 'baseline': 297, 'level': 'normal'}",48.6,True,-76,26.9,2026-10-06T14:45:03.154131,sentinelx/esp-01/telemetry,2546
"{'buzzer': 'off', 'led': 'off'}",esp-01,"{'raw': 296, 'baseline': 297, 'level': 'normal'}",48.6,True,-76,26.9,2026-10-06T14:45:02.654959,sentinelx/esp-01/telemetry,2547
"{'buzzer': 'off', 'led': 'off'}",esp-01,"{'raw': 296, 'baseline': 297, 'level': 'normal'}",48.7,True,-79,26.8,2026-10-06T14:45:03.699004,sentinelx/esp-01/telemetry,2548
"{'buzzer': 'off', 'led': 'off'}",esp-01,"{'raw': 296, 'baseline': 296, 'level': 'normal'}",48.7,True,-77,26.8,2026-10-06T14:45:04.755768,sentinelx/esp-01/telemetry,2549
"{'buzzer': 'off', 'led': 'off'}",esp-01,"{'raw': 296, 'baseline': 296, 'level': 'normal'}",48.7,True,-77,26.9,2026-10-06T14:45:05.801311,sentinelx/esp-01/telemetry,2550
"{'buzzer': 'off', 'led': 'off'}",esp-01,"{'raw': 296, 'baseline': 296, 'level': 'normal'}",48.7,True,-78,26.9,2026-10-06T14:45:06.858095,sentinelx/esp-01/telemetry,2551
"{'buzzer': 'off', 'led': 'off'}",esp-01,"{'raw': 298, 'baseline': 296, 'level': 'normal'}",48.8,True,-80,26.8,2026-10-06T14:45:07.903522,sentinelx/esp-01/telemetry,2552
"{'buzzer': 'off', 'led': 'off'}",esp-01,"{'raw': 301, 'baseline': 297, 'level': 'normal'}",48.8,True,-79,26.8,2026-10-06T14:45:08.958441,sentinelx/esp-01/telemetry,2553
"{'buzzer': 'off', 'led': 'off'}",esp-01,"{'raw': 304, 'baseline': 297, 'level': 'normal'}",48.9,True,-76,26.8,2026-10-06T14:45:10.009077,sentinelx/esp-01/telemetry,2554
"{'buzzer': 'off', 'led': 'off'}",esp-01,"{'raw': 304, 'baseline': 297, 'level': 'normal'}",48.9,True,-78,26.8,2026-10-06T14:45:11.057236,sentinelx/esp-01/telemetry,2555
"{'buzzer': 'off', 'led': 'off'}",esp-01,"{'raw': 305, 'baseline': 298, 'level': 'normal'}",49.4,True,-78,26.8,2026-10-06T14:45:12.112709,sentinelx/esp-01/telemetry,2556
"{'buzzer': 'off', 'led': 'off'}",esp-01,"{'raw': 306, 'baseline': 298, 'level': 'normal'}",49.4,True,-83,26.8,2026-10-06T14:45:13.179414,sentinelx/esp-01/telemetry,2557
"{'buzzer': 'off', 'led': 'off'}",esp-01,"{'raw': 306, 'baseline': 298, 'level': 'normal'}",49.7,True,-78,26.8,2026-10-06T14:45:14.213679,sentinelx/esp-01/telemetry,2558
"{'buzzer': 'off', 'led': 'off'}",esp-01,"{'raw': 306, 'baseline': 299, 'level': 'normal'}",49.7,True,-76,26.8,2026-10-06T14:45:15.264243,sentinelx/esp-01/telemetry,2559
"{'buzzer': 'off', 'led': 'off'}",esp-01,"{'raw': 305, 'baseline': 299, 'level': 'normal'}",50.1,True,-79,26.8,2026-10-06T14:45:16.314506,sentinelx/esp-01/telemetry,2560
"{'buzzer': 'off', 'led': 'off'}",esp-01,"{'raw': 305, 'baseline': 299, 'level': 'normal'}",50.1,False,-79,26.8,2026-10-06T14:45:17.367732,sentinelx/esp-01/telemetry,2561
"{'buzzer': 'off', 'led': 'off'}",esp-01,"{'raw': 303, 'baseline': 299, 'level': 'normal'}",50.6,False,-78,26.8,2026-10-06T14:45:18.419424,sentinelx/esp-01/telemetry,2562
"{'buzzer': 'off', 'led': 'off'}",esp-01,"{'raw': 302, 'baseline': 300, 'level': 'normal'}",50.6,False,-76,26.8,2026-10-06T14:45:19.475261,sentinelx/esp-01/telemetry,2563
"{'buzzer': 'off', 'led': 'off'}",esp-01,"{'raw': 302, 'baseline': 300, 'level': 'normal'}",51.3,False,-76,26.8,2026-10-06T14:45:20.520336,sentinelx/esp-01/telemetry,2564
"{'buzzer': 'off', 'led': 'off'}",esp-01,"{'raw': 301, 'baseline': 300, 'level': 'normal'}",51.3,False,-76,26.8,2026-10-06T14:45:21.573421,sentinelx/esp-01/telemetry,2565
